20050101,15504792415617128.0,3473148962972292.0,397.0
20050102,9841948492409240.0,2410946404290429.0,303.0
20050103,10560971537813620.0,6744421328369176.0,558.0
20050104,19621768701438852.0,4881997149280576.0,278.0
20050105,6930358135402685.0,4764009224496644.0,596.0
20050106,3494278397026022.5,2153588264349442.5,269.0
20050107,6164544892468619.0,3120107872384937.0,478.0
20050108,5544310618042813.0,4175824988379205.0,327.0
20050109,6092573305135952.0,3215552145619335.5,331.0
20050110,9420454921250000.0,4485473298125000.0,480.0
20050111,5185854299823944.0,1279859672535211.2,284.0
20050112,9945725634710742.0,7416825724958678.0,605.0
20050113,10709678970000000.0,10668821050333334.0,300.0
20050114,20789707433453236.0,18074632357374100.0,556.0
20050115,12209445497959184.0,7906813066360545.0,294.0
20050116,17122427538775510.0,7971863181632653.0,392.0
20050117,13332252461330048.0,9661304183990148.0,406.0
20050118,2329425651567944.5,859462743554007.0,287.0
20050119,7697608752491103.0,4383683494092526.5,562.0
20050120,53430026819708024.0,27432514027007296.0,274.0
20050121,16626285384551496.0,6402843040199336.0,602.0
20050122,14170708844776120.0,10060329780597014.0,268.0
20050123,17261823949044586.0,7204108148619958.0,471.0
20050124,8130964601215805.0,3720541865045592.5,329.0
20050125,10677768779816514.0,6695926754128440.0,327.0
20050126,5604897295071869.0,3352679292940452.0,487.0
20050127,8709863215107914.0,5147178078057554.0,278.0
20050128,9839375903327788.0,6353320798668885.0,601.0
20050129,11161258156934306.0,9223113463503650.0,274.0
20050130,9876885657065216.0,8412223984420291.0,552.0
20050131,5907727559333333.0,4927313691000000.0,300.0
20050201,9463022608629442.0,4192558304822335.0,394.0
20050202,12061568066080402.0,7317033036180905.0,398.0
20050203,6899646451170569.0,2251285404682274.2,299.0
20050204,7030499855555556.0,3251057568279570.0,558.0
20050205,6382913390140845.0,3955324759542253.5,284.0
20050206,6920226259128979.0,4799193672864322.0,597.0
20050207,3813858407581227.5,1981673411552346.5,277.0
20050208,10437306634947368.0,7330718846105264.0,475.0
20050209,7435754139462026.0,1027681421202531.6,316.0
20050210,4561337194704050.0,3740367890436137.5,321.0
20050211,5315549887295082.0,2984081016393442.5,488.0
20050212,4578992581159420.0,2100295228409420.0,276.0
20050213,4294078947847681.5,1665017129817880.8,604.0
20050214,2310025021768707.5,634561635374149.62,294.0
20050215,8631070241284404.0,1557598317981651.5,545.0
20050216,5372069290344828.0,4728035890206897.0,290.0
20050217,4648321238897436.0,4186687133076923.0,390.0
20050218,8013262522033898.0,6103668912832930.0,413.0
20050219,6330024681443299.0,1791685835738831.5,291.0
20050220,22913257265232972.0,17364219207885306.0,558.0
20050221,10462281971929824.0,7841052156491228.0,285.0
20050222,16012437760399336.0,5975594596838603.0,601.0
20050223,4071020367195572.0,3916793518081181.0,271.0
20050224,10082245150231578.0,7167408304842105.0,475.0
20050225,13238260235240964.0,10230930084337350.0,332.0
20050226,8236458458433735.0,7285745879518072.0,332.0
20050227,10119138561451942.0,7520823449897751.0,489.0
20050228,5683465000000000.0,4831987016129032.0,279.0
20050301,11378930939072848.0,6993641531788079.0,604.0
20050302,13045043689768976.0,10674176156105610.0,303.0
20050303,11290867048014442.0,7798139956317689.0,554.0
20050304,7610379308650519.0,2182178546020761.2,289.0
20050305,16411714924875000.0,6065039109500000.0,400.0
20050306,4176901608088235.5,3880972228921568.5,408.0
20050307,4260755919000000.0,2475515169666666.5,300.0
20050308,7515387530892857.0,4235279951964286.0,560.0
20050309,8047088705594406.0,4788344699020979.0,286.0
20050310,5261669543507588.0,3624468712984823.0,593.0
20050311,4146560823791821.5,3478981546840148.5,269.0
20050312,6875551669022869.0,4280969499875260.0,481.0
20050313,5934029410060976.0,5301474184420731.0,328.0
20050314,6736083927108434.0,5353274639819277.0,332.0
20050315,7052034259694845.0,6100412956494846.0,485.0
20050316,15115426093750000.0,11944804329861112.0,288.0
20050317,7014118050331126.0,5057909134801325.0,604.0
20050318,8605042508080807.0,4067823622558922.5,297.0
20050319,4686005974316940.0,4827423426512204.0,549.0
20050320,5238978110413793.0,2539455262068965.5,290.0
20050321,6949990038964645.0,5117153996212121.0,396.0
20050322,10149596401111112.0,3526317727020202.0,396.0
20050323,4370116382491582.5,3457985846127946.0,297.0
20050324,6547728731050724.0,3621972963405797.0,552.0
20050325,2967522898936170.0,955246938546099.25,282.0
20050326,13375059756301824.0,2181598151940298.5,603.0
20050327,2772840617080292.0,-221410925912408.75,274.0
20050328,5210313847489540.0,1314045337311715.5,478.0
20050329,4970420260183486.0,-3445044963608562.5,327.0
20050330,6406025253067485.0,3658677457668711.5,326.0
20050331,5415248300836820.0,2812294828242678.0,478.0
20050401,5471005392590909.0,1629334176573426.5,286.0
20050402,6842024335897010.0,3177061576079734.0,602.0
20050403,7145762239310345.0,2472979518620689.5,290.0
20050404,6236805400909090.0,3456815572756363.5,550.0
20050405,5283416783392226.0,2990465424028268.5,283.0
20050406,2422185358750000.0,64209908500000.0,400.0
20050407,7229915247201946.0,3997241697323601.0,411.0
20050408,7440809679264214.0,3863737531103679.0,299.0
20050409,5734745350716845.0,3526927338960573.5,558.0
20050410,8224990103146854.0,5296321936363636.0,286.0
20050411,8539163402141653.0,6441074364755481.0,593.0
20050412,5844608697810219.0,5915709256934307.0,274.0
20050413,4377679116142557.5,1875827437672956.0,477.0
20050414,7259127694277108.0,3643166224397590.5,332.0
20050415,9520698016822430.0,4080345535825545.0,321.0
20050416,8799014886178862.0,3898712625203252.0,492.0
20050417,8302714218596492.0,5964085414736842.0,285.0
20050418,7903642199667221.0,4101021054409317.5,601.0
20050419,6368700829966330.0,3923555223265993.5,297.0
20050420,5953892238586956.0,4040166866304348.0,552.0
20050421,6556410498996656.0,3223444015050167.0,299.0
20050422,6517879384223919.0,3677664585572519.0,393.0
20050423,7862377501067961.0,5080866778640777.0,412.0
20050424,6647036360301003.0,4307519735785953.0,299.0
20050425,11130847792100538.0,4009870903231598.0,557.0
20050426,10883542657342658.0,6565791525174825.0,286.0
20050427,18204067762973420.0,7757860648671096.0,602.0
20050428,6568794584532374.0,3241151480215827.5,278.0
20050429,11504698400843882.0,4697849305696203.0,474.0
20050430,4624462063126844.0,1233787348082595.8,339.0
20050501,8008903145741325.0,232489521388012.62,317.0
20050502,6605638592474850.0,2188046093561368.2,497.0
20050503,13381041292170820.0,6485762702846975.0,281.0
20050504,7331493035332226.0,2824590834578073.0,602.0
20050505,6277946722867596.0,2255873547038327.5,287.0
20050506,6202828010507246.0,3276582329601449.5,552.0
20050507,7565192482392027.0,5048274459136213.0,301.0
20050508,5394703210459184.0,2518459668112245.0,392.0
20050509,7547495164963504.0,2791461394647202.0,411.0
20050510,7885323237290970.0,2181261076923077.0,299.0
20050511,8948038065663717.0,3820613900707964.5,565.0
20050512,11448710360299626.0,-1015140313595505.6,267.0
20050513,8936735573833332.0,2556304593666666.5,600.0
20050514,5613944211851852.0,732143148518518.5,270.0
20050515,5740967244195653.0,1913592356956521.8,460.0
20050516,9037015872729970.0,4028125474777448.0,337.0
20050517,7127562729483283.0,2433783142553191.5,329.0
20050518,6997352205510205.0,976709856530612.25,490.0
20050519,7438591169175627.0,2009766057240143.2,279.0
20050520,7728640591819699.0,3109636798096828.0,599.0
20050521,8513676172542372.0,1542603161016949.2,295.0
20050522,8059321449005424.0,2973659830018083.0,553.0
20050523,5711359576000000.0,567730576333333.38,300.0
20050524,9716043630203046.0,1690690806852792.0,394.0
20050525,7826119914111923.0,2362307389294404.0,411.0
20050526,6778090403010033.0,1473165364214046.8,299.0
20050527,4882437838430605.0,1537437749750889.8,562.0
20050528,8520538862369339.0,3283667246515679.5,287.0
20050529,16120714893333334.0,5965041260833333.0,600.0
20050530,6559636481362007.0,2126616376344086.0,279.0
20050531,6287098949060543.0,1720088181837160.8,479.0
20050601,5165755277910448.0,1106191999104477.6,335.0
20050602,5699522435240964.0,1077327559939759.0,332.0
20050603,6413366522920892.0,901611249290060.88,493.0
20050604,8018935759139785.0,261185500000000.0,279.0
20050605,9317725873305510.0,1718503922654424.0,599.0
20050606,8033194458193980.0,3706306849163879.5,299.0
20050607,6684386421183971.0,885356243488160.25,549.0
20050608,7845121348322148.0,965478015771812.12,298.0
20050609,11023512913654822.0,3933446091548223.5,394.0
20050610,9313308368536586.0,1039368548048780.5,410.0
20050611,18338870214000000.0,6144412367000000.0,300.0
20050612,7028623918149466.0,1391757029875444.8,562.0
20050613,21504431487804876.0,6888803505226481.0,287.0
20050614,10262979033468014.0,1305403093602693.5,594.0
20050615,8097847609386282.0,1845231532563177.0,277.0
20050616,6881405933403805.0,1910252339323467.2,473.0
20050617,7706101207761194.0,2593750077313433.0,335.0
20050618,6212431713465045.0,778420608206686.88,329.0
20050619,7852204843841463.0,2888091999186992.0,492.0
20050620,6207303888405797.0,1197010786956521.8,276.0
20050621,5674547641791735.0,216846303190082.66,605.0
20050622,8716339248253424.0,3557131877397260.5,292.0
20050623,6177752957952468.0,3679659908409506.5,547.0
20050624,6432369578816666.0,1586148015333333.2,300.0
20050625,5448224465816327.0,1702608084846938.8,392.0
20050626,5796425740799032.0,1877641288377724.0,413.0
20050627,8238916099667774.0,3176980238471761.0,301.0
20050628,8809268000301955.0,3653482897335701.5,563.0
20050629,17489351900694446.0,5727929118402778.0,288.0
20050630,13610831263333334.0,-1522777986120000.0,600.0
20050701,7697148036064982.0,2958032786281588.5,277.0
20050702,6401218645966029.0,1875265152377919.2,471.0
20050703,4274604167916666.5,47555517857142.859,336.0
20050704,5319373230581040.0,784251587461773.75,327.0
20050705,5024652461212122.0,-447468289131313.12,495.0
20050706,6867624761611722.0,995093575641025.62,273.0
20050707,8317388581098169.0,3880432129966722.5,601.0
20050708,18397069232203392.0,6653377029491525.0,295.0
20050709,7987145628864060.0,4130000777839851.0,537.0
20050710,9428643833986928.0,4126382706209150.5,306.0
20050711,6880295453452686.0,2563362256777493.5,391.0
20050712,13630059202877698.0,113666053717026.38,417.0
20050713,6077908578523490.0,169769543288590.59,298.0
20050714,4501479706737588.5,-88939992375886.531,564.0
20050715,8207665189361702.0,1741166133687943.2,282.0
20050716,6523683318887015.0,2366783425952782.5,593.0
20050717,4944575357481752.0,335737377737226.25,274.0
20050718,3333354062658228.0,-1508481094936708.8,474.0
20050719,3498298641741741.5,-678949726726726.75,333.0
20050720,5776578424464832.0,2154357785779816.5,327.0
20050721,5313981772721774.0,1653979301008064.5,496.0
20050722,5904094826109091.0,1919808368698181.8,275.0
20050723,4166589250315091.5,160800056053068.0,603.0
20050724,6702944031081081.0,2422314935810811.0,296.0
20050725,6947118125912409.0,3686068583083941.5,548.0
20050726,7009705355000000.0,3470913017633333.5,300.0
20050727,5234897746564885.0,2425185441475827.0,393.0
20050728,4455462831961259.0,631991049878934.62,413.0
20050729,5987107641362126.0,1309664211295681.0,301.0
20050730,4361340600532859.0,-1071715626465364.1,563.0
20050731,6257094258391608.0,1828725741958042.0,286.0
20050801,14111741564119602.0,1955428602990033.2,602.0
20050802,5579268243478261.0,854259729710144.88,276.0
20050803,6844281588235294.0,1862226633361344.5,476.0
20050804,5428842221712538.0,-711870280152905.25,327.0
20050805,3154355053211009.0,307843039113149.88,327.0
20050806,4226957684437627.5,623557563413087.88,489.0
20050807,7663032952650177.0,3713723320742049.5,283.0
20050808,5982406388612040.0,1992891061538461.5,598.0
20050809,9897676225517242.0,5149436609916552.0,290.0
20050810,6835229540590406.0,2432344235424354.0,542.0
20050811,5780875288372093.0,1922018554485049.8,301.0
20050812,5732341929441624.0,1481903522081218.2,394.0
20050813,5120909041747573.0,-443353566941747.56,412.0
20050814,6634546090000000.0,-703537458300000.0,300.0
20050815,8778813345190563.0,3505797231070780.5,551.0
20050816,5698091811293707.0,1995533596853146.8,286.0
20050817,6173402255425710.0,1129519864273789.8,599.0
20050818,4772746660583942.0,-458291522627737.25,274.0
20050819,13511949112916666.0,-3701277736458333.5,480.0
20050820,7624552211343284.0,4476292109253731.5,335.0
20050821,4445662741873112.0,-284546056616314.19,331.0
20050822,5155121921280488.0,1530598993258130.2,492.0
20050823,6631916333922261.0,2120522696113074.2,283.0
20050824,4901414209768212.0,1503961912152318.0,604.0
20050825,4220300014590747.5,904816733238434.12,281.0
20050826,5692786488918918.0,1224654112432432.5,555.0
20050827,4432058823569023.5,-328553058249158.25,297.0
20050828,3944874241708542.5,-65074790452261.305,398.0
20050829,4528110740975610.0,-33050246097560.977,410.0
20050830,14244244671096346.0,2122912045514950.2,301.0
20050831,8000422172021660.0,3168787831768953.0,554.0
20050901,5475346878767605.0,1908749654225352.0,284.0
20050902,14542666242192690.0,2828210532724252.5,602.0
20050903,15603369154044118.0,538638313235294.12,272.0
20050904,5537485893208333.0,1533045686666666.8,480.0
20050905,5039780069668674.0,992858987951807.25,332.0
20050906,5914862121148036.0,1691955670090634.5,331.0
20050907,5780950487804878.0,327921040481707.31,492.0
20050908,6750344199651568.0,1463843147386759.5,287.0
20050909,10522696216539102.0,2984262026292845.0,601.0
20050910,20130989196666668.0,9784116386666666.0,300.0
20050911,9549312921811460.0,2587267036229205.0,541.0
20050912,4632530177076412.0,1323482489568106.2,301.0
20050913,7377256843517588.0,958347417361809.0,398.0
20050914,4767949625500000.0,-105181985250000.0,400.0
20050915,5175540634666667.0,-553848254333333.31,300.0
20050916,12079053727758008.0,1019103812633452.0,562.0
20050917,8240708709090909.0,2889332884020979.0,286.0
20050918,5996495582362729.0,962800323960066.5,601.0
20050919,6439832534099617.0,1158516754022988.5,261.0
20050920,7574463666029725.0,2688152401061571.0,471.0
20050921,4656954437910448.0,592678597194029.88,335.0
20050922,5530457720783133.0,1238844509337349.5,332.0
20050923,5930345824999999.0,1191056140289256.2,484.0
20050924,8305460314234876.0,4173919096797153.0,281.0
20050925,11155944265066224.0,4377228697516556.0,604.0
20050926,13615521119453924.0,2828600228668942.0,293.0
20050927,5571621500907441.0,1161197612486388.5,551.0
20050928,6195658324475524.0,405922038111888.12,286.0
20050929,4700005556708861.0,-425092485088607.62,395.0
20050930,5233138494878049.0,1007817951878048.8,410.0
20051001,6422178525925926.0,2488816580134680.0,297.0
20051002,6687270153996448.0,2578618251865009.0,563.0
20051003,7355326431695804.0,3604599675174825.0,286.0
20051004,16658711328903654.0,990088137707641.25,602.0
20051005,14571212302173914.0,6209553782971014.0,276.0
20051006,6502534395358650.0,744401295168776.38,474.0
20051007,9706202798805970.0,-582944922985074.62,335.0
20051008,7240823564779874.0,-2128857742515723.2,318.0
20051009,3574642288553719.0,728151035020661.12,484.0
20051010,7793742288421053.0,4437708418947368.5,285.0
20051011,7487358254784053.0,2553811137375415.5,602.0
20051012,5231428463087248.0,2342727235906040.5,298.0
20051013,10244067246703298.0,4498616243956044.0,546.0
20051014,15160090451485148.0,6470907717491749.0,303.0
20051015,7825937069696970.0,4657140208838384.0,396.0
20051016,12821519421271394.0,4293638385330073.5,409.0
20051017,4534688765886288.0,123629773913043.48,299.0
20051018,9632786608523132.0,1683200691103202.8,562.0
20051019,15316447762190814.0,3780693318021201.5,283.0
20051020,6815286716750419.0,3174038765192630.0,597.0
20051021,10088893814492754.0,3858593543478261.0,276.0
20051022,12066407473773988.0,5410193662750532.0,469.0
20051023,5037263824132609.0,-606715465776397.5,322.0
20051024,17792333339393936.0,5247831778181818.0,330.0
20051025,13737618110416666.0,5495041468750000.0,480.0
20051026,17312154808587814.0,7166131670967742.0,279.0
20051027,9138864426490066.0,2830143648841059.5,604.0
20051028,5644937771232877.0,156261616438356.16,292.0
20051029,16708488151263536.0,321403674837545.12,554.0
20051030,21630750674666668.0,6217298924666667.0,300.0
20051031,13675793944332494.0,4377037138035264.5,397.0
20051101,10614472627450980.0,5829562094117647.0,408.0
20051102,9540654046026490.0,5737991901324503.0,302.0
20051103,12795550957885304.0,6336767998333334.0,558.0
20051104,10490705556390978.0,2947321501503759.5,266.0
20051105,22182088587064680.0,-2184518857562189.2,603.0
20051106,4066039475357143.0,172165603214285.72,280.0
20051107,12393169405405406.0,5791896324193347.0,481.0
20051108,8542486303030303.0,3961260446060606.0,330.0
20051109,7505357245438066.0,4166144909365559.0,331.0
20051110,19705757059322040.0,7380898192351694.0,472.0
20051111,3456737118466899.0,-1484466768675958.2,287.0
20051112,7846363134442597.0,2084726984492512.5,601.0
20051113,5208368526755853.0,922414172240802.62,299.0
20051114,8310718978918920.0,2416022489189189.0,555.0
20051115,14699977600671140.0,8003988333221476.0,298.0
20051116,3690270200253164.5,1135292696455696.2,395.0
20051117,6057890587804878.0,1777284539097561.0,410.0
20051118,7072812273509934.0,2456840347284768.0,302.0
20051119,11101387387410072.0,5167719292553956.0,556.0
20051120,5817854195112782.0,4632159644360902.0,266.0
20051121,6832510546843854.0,2466140900299003.5,602.0
20051122,12891412567158670.0,9015541608118082.0,271.0
20051123,6653789030021142.0,3973409030655391.0,473.0
20051124,7345844719571865.0,465653251070336.38,327.0
20051125,8902001824397590.0,3942552757831325.5,332.0
20051126,10742945925979380.0,2528856431835051.5,485.0
20051127,11402652228782288.0,6631175269372694.0,271.0
20051128,9425829917696160.0,3306873267242070.5,599.0
20051129,14519836838596492.0,5940407315789474.0,285.0
20051130,11474286042000000.0,6593112168345455.0,550.0
20051201,8837481499659863.0,3861689271258503.5,294.0
20051202,16430893994805194.0,1859455815844155.8,385.0
20051203,5364993794554455.0,1338323263762376.2,404.0
20051204,7082704216333333.0,2729172168333333.5,300.0
20051205,8958510987957370.0,3138045339076376.5,563.0
20051206,21988919045964912.0,10031622663157894.0,285.0
20051207,21660455795000000.0,6457369012033333.0,600.0
20051208,5454376675457875.0,1438544254578754.5,273.0
20051209,7347815234171908.0,2675748779538784.0,477.0
20051210,6363713796666666.0,2493354995735735.5,333.0
20051211,6839790723939394.0,4205146151818182.0,330.0
20051212,9134828546761134.0,1743710492510121.5,494.0
20051213,7071468459139785.0,3912764507204301.0,279.0
20051214,7571180879338843.0,2547249035371901.0,605.0
20051215,7179805899665552.0,3850625053846154.0,299.0
20051216,16416708560616822.0,5285831229044860.0,535.0
20051217,11103201316216216.0,3365473315202702.5,296.0
20051218,6015673741836735.0,2295249668316326.5,392.0
20051219,6588689582560975.0,2209298559512195.0,410.0
20051220,7365349141000000.0,2745563569666666.5,300.0
20051221,11347768589624330.0,4407430502862254.5,559.0
20051222,12807994255319148.0,4812664848936170.0,282.0
20051223,11958696826086956.0,6347189860033445.0,598.0
20051224,12836803709818182.0,3940503389090909.0,275.0
20051225,6130951711482255.0,4292093118016701.0,479.0
20051226,4923375874985164.0,1341193964094955.5,337.0
20051227,9178730379939210.0,5293231970516717.0,329.0
20051228,16648722713217922.0,5696941805498981.0,491.0
20051229,7232114163799283.0,4512714568465949.0,279.0
20051230,11166716107216668.0,9473466027333334.0,600.0
20051231,7001706585690236.0,4563585772053872.0,297.0
20060101,15402414733272396.0,11435823575868372.0,547.0
20060102,8554794296052632.0,5301938700657895.0,304.0
20060103,8544339981585678.0,5052573980818414.0,391.0
20060104,9929106935626536.0,3863814111081081.0,407.0
20060105,6910851579734219.0,3184339615282392.0,301.0
20060106,16781045486412078.0,6590269151687389.0,563.0
20060107,6976636079681275.0,3858116195617530.0,251.0
20060108,16197980227953410.0,8876019921747089.0,601.0
20060109,7483581329498207.0,4253301067741935.5,279.0
20060110,11242265841052632.0,7810414633305263.0,475.0
20060111,24606834415929204.0,11429901074631270.0,339.0
20060112,9026155440625000.0,6407327012500000.0,320.0
20060113,11496198615853660.0,8785998181097561.0,492.0
20060114,8729189850909091.0,6250425621818182.0,275.0
20060115,19786882585973596.0,2453184657095709.5,606.0
20060116,32428619710344828.0,10278845875862068.0,290.0
20060117,20317377944444448.0,8711801381111110.0,540.0
20060118,22160140112459016.0,8340801966885247.0,305.0
20060119,6818774219230770.0,3087040505384615.5,390.0
20060120,8782463275811138.0,6411762168038741.0,413.0
20060121,8027010074257425.0,3683574812541254.0,303.0
20060122,11812462251675486.0,8341159580123457.0,567.0
20060123,13522799845878136.0,8187110139784946.0,279.0
20060124,13781415759764312.0,9184948667845118.0,594.0
20060125,9720834814545454.0,6530066320109091.0,275.0
20060126,12518427027672954.0,7060251011111112.0,477.0
20060127,15366924137313432.0,8941040378805969.0,335.0
20060128,6982497953211009.0,976650469418960.25,327.0
20060129,9719482534406438.0,4724546972676057.0,497.0
20060130,8283038674820144.0,4156760434892086.5,278.0
20060131,12052062124006624.0,7555506169039735.0,604.0
20060201,8019048196323024.0,5619330598281787.0,291.0
20060202,17626461158695654.0,13388328185688406.0,552.0
20060203,10522900797049182.0,7779985121311475.0,305.0
20060204,9739747090076336.0,4290179567582697.0,393.0
20060205,11805075570343138.0,5299120231691176.0,408.0
20060206,10068607600664452.0,5477248531561462.0,301.0
20060207,7111053799589285.0,3713335783910714.5,560.0
20060208,4476660686524822.5,1014397376950354.6,282.0
20060209,22265072461028192.0,7811592053067993.0,603.0
20060210,3075385472826087.0,1473526533623188.5,276.0
20060211,6133984438445379.0,5003626627521009.0,476.0
20060212,7914003181547619.0,5232845044642857.0,336.0
20060213,8960464447447447.0,6274898206606607.0,333.0
20060214,8619620109465021.0,4642896514197531.0,486.0
20060215,15829831006405694.0,6929918999288256.0,281.0
20060216,18567883561461796.0,8168179817774087.0,602.0
20060217,10215754435690236.0,7178285980808081.0,297.0
20060218,15499959213627992.0,10275422966850830.0,543.0
20060219,10446955946333334.0,7162929840000000.0,300.0
20060220,7466883529797980.0,5828832347272727.0,396.0
20060221,9405616985679612.0,6716915832524272.0,412.0
20060222,8206612591638795.0,5108447162207358.0,299.0
20060223,9916115069299820.0,6412849068043088.0,557.0
20060224,10260601242508710.0,5568739688501742.0,287.0
20060225,17032635380639730.0,9782219980370370.0,594.0
20060226,21941028700724640.0,13856913584057972.0,276.0
20060227,6237244326431915.0,2800227142978723.5,470.0
20060228,nan,nan,0
20060301,nan,nan,0
20060302,nan,nan,0
20060303,7768122970978260.0,-1126786521739130.5,276.0
20060304,10568295486965174.0,2582086953897181.0,603.0
20060305,7397593360402685.0,2212821656040268.5,298.0
20060306,9939215120503598.0,5389644097302158.0,556.0
20060307,6760855245150502.0,2902505541806020.0,299.0
20060308,7419133335929648.0,3254897757035176.0,398.0
20060309,8522343072439024.0,6010563117585366.0,410.0
20060310,9653807569000000.0,6386078000333333.0,300.0
20060311,12188619613321492.0,8269844752682060.0,563.0
20060312,10650948265734266.0,7266596856643357.0,286.0
20060313,22430605464745760.0,1950798243050847.5,590.0
20060314,12719131142747252.0,9028617227106228.0,273.0
20060315,15900800305353318.0,4458440947965739.0,467.0
20060316,16777782321321320.0,8482014147747748.0,333.0
20060317,7629479770363637.0,4961471004666667.0,330.0
20060318,10501004343775934.0,6736164302697096.0,482.0
20060319,7764606104225352.0,5847769427746479.0,284.0
20060320,7280147619102990.0,3425268728239202.5,602.0
20060321,8802695155405405.0,5946515019351351.0,296.0
20060322,11216038551400000.0,1601570050690909.0,550.0
20060323,7779145605050506.0,6028508306397306.0,297.0
20060324,4129288395465995.0,-141718111083123.44,397.0
20060325,7700087165533981.0,3626562141990291.5,412.0
20060326,7447698070000000.0,5071786779333333.0,300.0
20060327,10779473166785080.0,4005602846003552.5,563.0
20060328,19844363382978724.0,12003032234042554.0,282.0
20060329,15287722886023294.0,8034195610648918.0,601.0
20060330,28034925417518248.0,10624576178832116.0,274.0
20060331,13094902416317992.0,6878934939121338.0,478.0
20060401,6807959732732733.0,551118381381381.38,333.0
20060402,4670914473413897.0,-1022988939063444.1,331.0
20060403,6785658317142857.0,908144920489795.88,490.0
20060404,11185336084507042.0,558870254225352.12,284.0
20060405,9795244255610562.0,1332532711716171.5,606.0
20060406,5150952454849498.0,-1358404654849498.2,299.0
20060407,7351427812158273.0,285590226330935.25,556.0
20060408,5328622918791946.0,1158867463087248.2,298.0
20060409,4346291537132170.0,-809819214812967.62,401.0
20060410,8542240733088236.0,2253861660294117.5,408.0
20060411,9085920894039736.0,3067103984105960.5,302.0
20060412,8922040833457446.0,2934882351065602.5,564.0
20060413,25119121585507248.0,4766025769565217.0,276.0
20060414,10870773369675540.0,4588175634109817.0,601.0
20060415,7563886255555556.0,2390265874551971.5,279.0
20060416,6948655347494824.0,1510052462939958.5,483.0
20060417,5502773794879518.0,1008477773795180.8,332.0
20060418,13926536552560240.0,660036240060241.0,332.0
20060419,11609069412910020.0,5700739384781186.0,489.0
20060420,9125469205923344.0,4154804525435540.0,287.0
20060421,7755770043636364.0,2118764123041322.2,605.0
20060422,5088086411147541.0,-1515119870819672.2,305.0
20060423,7754349224511545.0,452350055772646.56,563.0
20060424,8225182337792642.0,3702217028327759.0,299.0
20060425,6817274610972569.0,2797767882743142.0,401.0
20060426,6758261721351352.0,1536763183980344.0,407.0
20060427,7710030109310000.0,2272991788366666.5,300.0
20060428,8876379682770869.0,2625539605825932.5,563.0
20060429,13414175565972222.0,5953897300086805.0,288.0
20060430,12615044823578594.0,5949763569749163.0,598.0
20060501,13266386500824372.0,5636245111827957.0,279.0
20060502,9394943482987552.0,3312049917282157.5,482.0
20060503,7360084553963414.0,78883555487804.875,328.0
20060504,8170845209309310.0,667819799399399.38,333.0
20060505,7944595783265306.0,3279855219428571.5,490.0
20060506,10801359930830452.0,3702363749480969.0,289.0
20060507,8802733234666667.0,939564040850000.0,600.0
20060508,7807788396989967.0,2455681028093645.5,299.0
20060509,7774797072122302.0,3172094296276978.0,556.0
20060510,9579037313422818.0,3617157286912751.5,298.0
20060511,6963433533167082.0,2310336045137157.0,401.0
20060512,7686129283783783.0,1153362108230958.2,407.0
20060513,11423284287128712.0,3657049600990099.0,303.0
20060514,7848589790730838.0,3383742137254902.0,561.0
20060515,6660029086715867.0,2541536297785978.0,271.0
20060516,7331678755389719.0,1811663589699834.0,603.0
20060517,9822990707142858.0,3170667986071428.5,280.0
20060518,11471282478958332.0,4304173175416666.5,480.0
20060519,10462013389665654.0,3352843852887538.0,329.0
20060520,10287344904504504.0,3248489378978979.0,333.0
20060521,7079506912678937.0,1318546637177914.0,489.0
20060522,10742465347079038.0,4383300750171821.5,291.0
20060523,11817759449253732.0,3351610327578772.5,603.0
20060524,9497960674342106.0,2876136333552631.5,304.0
20060525,8781912074126126.0,2676646083963964.0,555.0
20060526,11386559203900000.0,2681972929333333.5,300.0
20060527,9375355131228070.0,4012368216290727.0,399.0
20060528,8028557844254279.0,1996785933740831.2,409.0
20060529,8301276817533557.0,2609384697315436.0,298.0
20060530,9460220807406750.0,4209214158792184.5,563.0
20060531,11114063407342656.0,3877155784615384.5,286.0
20060601,9241957049667774.0,2927894266279070.0,602.0
20060602,13780124064056940.0,4956443859074733.0,281.0
20060603,6963571213025210.0,1227060166113445.5,476.0
20060604,7502315737951807.0,1438270854638554.2,332.0
20060605,7730043643843844.0,2083432318318318.2,333.0
20060606,7660917097363083.0,2146165890101420.0,493.0
20060607,6834072670279720.0,1894129497562937.0,286.0
20060608,7427779763531354.0,1846006945214521.5,606.0
20060609,14710094893602694.0,4520996593265993.0,297.0
20060610,13071491294964028.0,2842620784802158.5,556.0
20060611,10860159116949154.0,3156186817474576.5,295.0
20060612,6172729987153652.0,12373482367758.186,397.0
20060613,7402934965133172.0,917584674092009.62,413.0
20060614,7995671914478114.0,84130098653198.656,297.0
20060615,6923128785638298.0,135751570468085.11,564.0
20060616,8100140169686412.0,2066499349547038.2,287.0
20060617,11626085540765392.0,3287989882297837.0,601.0
20060618,7425299133088235.0,2285056750882353.0,272.0
20060619,6439591283524417.0,1311815052866242.0,471.0
20060620,6875086414298507.0,898980678925373.12,335.0
20060621,9095735478787878.0,3909036281818182.0,330.0
20060622,8437421637768763.0,2339564317849898.5,493.0
20060623,15846714198207884.0,4392313268817204.5,279.0
20060624,6354324118347107.0,743532688776859.5,605.0
20060625,9039109923310810.0,3157899815202702.5,296.0
20060626,7320659931645570.0,2433498688607595.0,553.0
20060627,8424341441721854.0,1563707891092715.2,302.0
20060628,6950245063451777.0,2023649926903553.2,394.0
20060629,7463149455555556.0,2462598083816425.0,414.0
20060630,13134305797342192.0,4961278744186047.0,301.0
20060701,6606752326241135.0,2140965645000000.0,564.0
20060702,13460969512367492.0,6452715958657244.0,283.0
20060703,7427604913590604.0,2265557160570470.0,596.0
20060704,6135954239501779.0,490749854163701.06,281.0
20060705,nan,nan,0.0
20060706,5660462548511905.0,346344512500000.0,336.0
20060707,7028034355835867.0,966049298176291.75,329.0
20060708,5275314269028340.0,-182926190080971.66,494.0
20060709,9344237797132616.0,3070681191039426.5,279.0
20060710,7527705072752902.0,1069290761194029.9,603.0
20060711,11909975987205388.0,3176034825589225.5,297.0
20060712,7883405409782609.0,2401934237862319.0,552.0
20060713,6463934184563758.0,-525972979966442.94,298.0
20060714,10163444366165412.0,2279633478446115.5,399.0
20060715,12153104231143552.0,604576049871046.25,411.0
20060716,6835524956666667.0,350444797333333.31,300.0
20060717,7500952783451958.0,1631231819964412.8,562.0
20060718,5462795534191176.0,-207882884558823.53,272.0
20060719,9083717548590380.0,-611939289104477.62,603.0
20060720,7200980809124088.0,2025408736423357.8,274.0
20060721,5362505275665962.0,1406111003171247.2,473.0
20060722,6646525013731343.0,1054791445970149.2,335.0
20060723,10689045792514970.0,3619421666467066.0,334.0
20060724,11745305299593494.0,5117432532113821.0,492.0
20060725,9277401942142858.0,2777772520714285.5,280.0
20060726,9500076665066224.0,2552526315894039.5,604.0
20060727,7933939922336770.0,1193686442611683.8,291.0
20060728,8430393351444044.0,2749235775613718.0,554.0
20060729,7243234820535117.0,2231530643143812.8,299.0
20060730,6800751308478804.0,2453688580997506.0,401.0
20060731,4871254178921569.0,155968589215686.28,408.0
20060801,5932985102317881.0,141630557483443.72,302.0
20060802,8474326768553571.0,621795372857142.88,560.0
20060803,8605506583623694.0,2084688250522648.0,287.0
20060804,8268806510981696.0,2450371400881863.5,601.0
20060805,5652851778417266.0,297251235611510.81,278.0
20060806,5215981811386555.0,2217041510651260.5,476.0
20060807,4709855206646526.0,529080725679758.31,331.0
20060808,5933040352293578.0,201196610703363.91,327.0
20060809,4708053895168067.0,-1406607397268907.5,476.0
20060810,7582303653846154.0,2488794868181818.0,286.0
20060811,5637481869205298.0,467331056854304.62,604.0
20060812,6199175234899329.0,1534838930838926.2,298.0
20060813,6812841891397849.0,857910013467741.88,558.0
20060814,6503106192617450.0,506967230604026.88,298.0
20060815,7352828045614035.0,2956162065664160.5,399.0
20060816,6283999752860636.0,2680698528361858.0,409.0
20060817,8139222872297297.0,2874501120608108.0,296.0
20060818,6022400526118068.0,2833820860465116.5,559.0
20060819,7739719756206897.0,4310206734689655.0,290.0
20060820,15508282507462686.0,7362215424311775.0,603.0
20060821,6807423584285714.0,3430765189285714.5,280.0
20060822,6727414591841004.0,3019067916736401.5,478.0
20060823,5174677332727273.0,388609799090909.06,330.0
20060824,14181690169696970.0,5850765621212121.0,330.0
20060825,7879029814314928.0,4093797452147239.5,489.0
20060826,4414405949647887.5,1120432826408450.8,284.0
20060827,8883218348099174.0,852841174545454.5,605.0
20060828,4908859773220339.0,920988615932203.38,295.0
20060829,6058950968315412.0,3010860385663082.5,558.0
20060830,6740604233220339.0,3366281265084746.0,295.0
20060831,5362992411471322.0,1247222060349127.2,401.0
20060901,7175412610319410.0,3022539419140049.5,407.0
20060902,9748436075907590.0,5119843814851485.0,303.0
20060903,13918638635859520.0,5456352753974122.0,541.0
20060904,5740771253101045.0,1102207372822299.6,287.0
20060905,5899720002516779.0,489507772516778.5,596.0
20060906,14939196043165468.0,5606030461151079.0,278.0
20060907,5821272619873150.0,751332343340380.5,473.0
20060908,3436978036024844.5,-730691995962732.88,322.0
20060909,7248866096686746.0,1311657152590361.5,332.0
20060910,5873386518181818.0,1160363143595041.2,484.0
20060911,4066526428741697.5,975390525092250.88,271.0
20060912,5099050279950166.0,1128871902491694.2,602.0
20060913,3686982214666666.5,239804827233333.34,300.0
20060914,10443022899635036.0,2002380113521897.8,548.0
20060915,6959929612244898.0,2356858367687075.0,294.0
20060916,5413228154950495.0,600430488663366.38,404.0
20060917,6787208211278196.0,955293940601503.75,399.0
20060918,8044317243609271.0,2737195352980132.5,302.0
20060919,8267628208880995.0,3074340752429840.0,563.0
20060920,8310749805923346.0,3365127396864111.5,287.0
20060921,15940097846611572.0,546976720661157.0,605.0
20060922,6600452362724014.0,570120760465949.88,279.0
20060923,5694947737319588.0,200331773422680.41,485.0
20060924,13118221143209876.0,1609811106481481.5,324.0
20060925,3593622684848485.0,-1889235312424242.5,330.0
20060926,8066271692299795.0,2124424905954825.5,487.0
20060927,8872450370874126.0,2944494640559440.5,286.0
20060928,6995795490066225.0,71123747028145.703,604.0
20060929,12923983095333334.0,4268686358033333.0,300.0
20060930,6303995086486486.0,-2160136936936.937,555.0
20061001,5029459036552901.0,9711044232081.9121,293.0
20061002,8319315477363185.0,3674540455550995.0,402.0
20061003,6462678280517241.0,3257051193103448.5,406.0
20061004,7541764209302326.0,4126334915282392.0,301.0
20061005,6254844383750000.0,3643793813696429.0,560.0
20061006,5852933663763066.0,3104116777351916.5,287.0
20061007,7547258710082645.0,3742666616363636.5,605.0
20061008,9284580576512456.0,5498779403914591.0,281.0
20061009,4109227749170124.5,745768264107883.88,482.0
20061010,6206635605670732.0,2306504723231707.5,328.0
20061011,7928819384337349.0,3163243545481927.5,332.0
20061012,8005296846421268.0,3798285929631902.0,489.0
20061013,10743680335958904.0,6670713551678082.0,292.0
20061014,12597260224792014.0,2714641604309484.5,601.0
20061015,7111968077740864.0,1988793382059800.8,301.0
20061016,6921152232898551.0,767183309782608.75,552.0
20061017,11812343943389830.0,3626920600338983.0,295.0
20061018,12044598380299252.0,1149817466334164.5,401.0
20061019,7945229648780488.0,4117379033268292.5,410.0
20061020,17609491531353136.0,7202013852475248.0,303.0
20061021,6855349451035714.0,2372570170000000.0,560.0
20061022,5027391984905660.0,2276455223962264.0,265.0
20061023,17289033165837476.0,6793487616102819.0,603.0
20061024,5679396070462633.0,2111577687900355.8,281.0
20061025,13411352511987178.0,46218635897435.898,468.0
20061026,6925202359214502.0,3878091492661631.5,331.0
20061027,10001825856495470.0,1396444545921450.2,331.0
20061028,5774643653483606.0,1214065361885246.0,488.0
20061029,5251086922377622.0,1892437074825174.8,286.0
20061030,10518667508623550.0,3519139080928690.0,603.0
20061031,11097406776744186.0,4202786153488372.0,301.0
20061101,5782575276138433.0,-181098297085610.19,549.0
20061102,15988599852233676.0,7258031581786942.0,291.0
20061103,10380098037783376.0,5495757109823678.0,397.0
20061104,13948197084079604.0,8042412652487563.0,402.0
20061105,7593876372425249.0,5825179464119601.0,301.0
20061106,8511557553189189.0,4083965218000000.0,555.0
20061107,7289280964157706.0,4588526514336918.0,279.0
20061108,6589228528435939.0,2968324633860233.0,601.0
20061109,4955949490326086.0,2891908183333333.5,276.0
20061110,11575601170020966.0,4245829959853249.0,477.0
20061111,5574393964371257.0,3229547759580838.5,334.0
20061112,15090027529090908.0,3452061134848485.0,330.0
20061113,6931503138155136.0,2219598705597484.2,477.0
20061114,4480056813978494.5,41184672759856.633,279.0
20061115,9956908572352942.0,598932433109243.75,595.0
20061116,4798922476616949.0,55961096610169.492,295.0
20061117,5463048053551913.0,77559844025500.906,549.0
20061118,6586250521056106.0,2511857034257425.5,303.0
20061119,13363768848091606.0,5038273884605598.0,393.0
20061120,15208718121760392.0,5570845398533007.0,409.0
20061121,17162188923588040.0,9088919073089700.0,301.0
20061122,27533703026465364.0,17934254028614566.0,563.0
20061123,8578102346909091.0,1931493494581818.2,275.0
20061124,15487072323627288.0,8247832869883527.0,601.0
20061125,9696509635379062.0,5692168715884477.0,277.0
20061126,13831687909623430.0,6060716855857741.0,478.0
20061127,9503424523460410.0,884395996480938.38,341.0
20061128,18753858972136224.0,7919690479876161.0,323.0
20061129,10745431119356136.0,6389812977665996.0,497.0
20061130,18112666929454544.0,6513163747636364.0,275.0
20061201,19514738015891092.0,10513077884158414.0,606.0
20061202,20261317910071944.0,12622283533812950.0,278.0
20061203,6342834065745856.0,3398747814217311.0,543.0
20061204,7968699572638436.0,5085199275570033.0,307.0
20061205,6387414472824428.0,3766809293384224.0,393.0
20061206,14968946439024390.0,7090591708560976.0,410.0
20061207,11580815116666666.0,6990431690000000.0,300.0
20061208,11902627761415930.0,7398281070265487.0,565.0
20061209,10206386190845070.0,8406812257042254.0,284.0
20061210,12362571457118928.0,7188736081407035.0,597.0
20061211,16225732184363636.0,11944256309090910.0,275.0
20061212,7615729847578947.0,5936215569515789.0,475.0
20061213,10809895831858408.0,2896715082595870.0,339.0
20061214,20972176958895708.0,1388293501533742.2,326.0
20061215,9345048764887064.0,3561638712114989.5,487.0
20061216,4285734954372623.5,2431076101863118.0,263.0
20061217,8136870317586777.0,3852266417355371.5,605.0
20061218,6500269051535836.0,3346287710170648.5,293.0
20061219,12754334112660552.0,7188923966422018.0,545.0
20061220,13397738650326798.0,7575997689542484.0,306.0
20061221,11156166115681234.0,7135253107197944.0,389.0
20061222,11283874613333334.0,3419080142765432.0,405.0
20061223,15677183396666668.0,7873598701666666.0,300.0
20061224,14594983350442476.0,7932489163893805.0,565.0
20061225,6153809848920863.0,1693677843165467.8,278.0
20061226,16777449607321134.0,6818456726123128.0,601.0
20061227,5967852419572954.0,2413849305195729.5,281.0
20061228,10011300227800000.0,6024670579157895.0,475.0
20061229,13568617303834808.0,4877591820058997.0,339.0
20061230,8850953039375000.0,1897911386875000.0,320.0
20061231,11971688326612904.0,2245153683014113.0,496.0
20070101,15901590874538746.0,9694038937343172.0,271.0
20070102,9386047871287128.0,3395311455957096.0,606.0
20070103,11417856953793104.0,8210733832413793.0,290.0
20070104,8376387574223035.0,7740448840859232.0,547.0
20070105,5347842076112957.0,2128594213853820.5,301.0
20070106,16984445860824742.0,8072081462628867.0,388.0
20070107,17503140290886698.0,6352469246059114.0,406.0
20070108,6296864475838926.0,3989813808456376.0,298.0
20070109,10080558231216930.0,4706350015978836.0,567.0
20070110,7907673017543860.0,4937422838947368.0,285.0
20070111,14193212151919868.0,9292815261602670.0,599.0
20070112,15672293787275986.0,7353053139784946.0,279.0
20070113,8445761313375796.0,5089334741401274.0,471.0
20070114,8746588708823529.0,4729639755029412.0,340.0
20070115,10079150209567902.0,5327374777777778.0,324.0
20070116,12836927113086172.0,5329697815030060.0,499.0
20070117,25744058298932384.0,12159247916725976.0,281.0
20070118,19533522890728476.0,13343523128311258.0,604.0
20070119,10800727639215016.0,6521649975221843.0,293.0
20070120,12596002404371584.0,9046892272859744.0,549.0
20070121,16915262493377486.0,7193503475165563.0,302.0
20070122,10719304136954314.0,5959653190558376.0,394.0
20070123,13135934873300972.0,4465712453398058.5,412.0
20070124,14142721642140468.0,10447049491638796.0,299.0
20070125,8449356289501780.0,4214828761565836.5,562.0
20070126,7496466419366197.0,4398107005985915.5,284.0
20070127,16751357246256238.0,6044612801164726.0,601.0
20070128,3982591066420664.0,-159431868265682.66,271.0
20070129,8658673248676470.0,3966236257773109.0,476.0
20070130,7087056325816024.0,3337243518397626.0,337.0
20070131,9824539976899696.0,7486935660486323.0,329.0
20070201,11093433016216216.0,6578673417879418.0,481.0
20070202,8231934202527076.0,4186010780144404.5,277.0
20070203,3533442749253730.5,-4738058446434494.0,603.0
20070204,12010150098657718.0,8360642070134227.0,298.0
20070205,13874880806159420.0,10116725559963766.0,552.0
20070206,14412321274247492.0,11307464956521740.0,299.0
20070207,7070708722670025.0,2007864661209068.0,397.0
20070208,11096267978102190.0,7264709112165451.0,411.0
20070209,9644522985714284.0,5999590271760797.0,301.0
20070210,15568025378890876.0,3487860016100179.0,559.0
20070211,17715636306273064.0,10821991246863470.0,271.0
20070212,5654100667911715.0,-1101661328013582.4,589.0
20070213,9535171719708030.0,4854417529890510.0,274.0
20070214,8496779580753138.0,4159571869665272.0,478.0
20070215,8121663942598187.0,800935534138972.75,331.0
20070216,21389181142168676.0,8076908181626507.0,332.0
20070217,13353317611585366.0,9772086829166666.0,492.0
20070218,13277520082142858.0,7631847926071429.0,280.0
20070219,13834580392026578.0,4766278918438538.0,602.0
20070220,16056936149501660.0,10447133782059800.0,301.0
20070221,14516740194881170.0,6877485517787934.0,547.0
20070222,12174612756476350.0,2677977267229729.5,296.0
20070223,1147350364427860.8,-3541826193283582.0,402.0
20070224,21565404305699480.0,7201343787538859.0,386.0
20070225,9257375281879194.0,6139958659362416.0,298.0
20070226,12197302239821430.0,2857196622500000.0,560.0
20070227,11754286560211268.0,7965473522887324.0,284.0
20070228,32907435178109456.0,-2104030870646766.5,603.0
20070301,32084759978181820.0,17180559488363636.0,275.0
20070302,9318295128033472.0,5534712054393305.0,478.0
20070303,10068335731419940.0,5935800985196375.0,331.0
20070304,18225883788554220.0,10026279219879518.0,332.0
20070305,20988789975155280.0,8352661973498965.0,483.0
20070306,6412214821201413.0,3710686322614841.0,283.0
20070307,13448884002152318.0,2538714779984271.5,604.0
20070308,23811999259233448.0,14758139065923344.0,287.0
20070309,8369998457706092.0,3105778723082437.5,558.0
20070310,7386969618707483.0,2592336375170068.0,294.0
20070311,7382889250742574.0,1136635349925742.5,404.0
20070312,10029481094320988.0,4644631282814815.0,405.0
20070313,5414589914336634.0,1585974300660066.0,303.0
20070314,7942767576690391.0,3110132251014235.0,562.0
20070315,9565512906250000.0,3250115327083333.5,288.0
20070316,15498679858404076.0,4269907767232597.0,589.0
20070317,19799090932142856.0,10506934405714286.0,280.0
20070318,6961837179540710.0,2851915684551148.0,479.0
20070319,16786452699088146.0,2826370283282675.0,329.0
20070320,24794758629216868.0,8780258719337349.0,332.0
20070321,17403154956790122.0,6647937016049383.0,486.0
20070322,12039623111161972.0,4930551420105634.0,284.0
20070323,12343111960220930.0,6037545447679402.0,602.0
20070324,30701174963455148.0,18983918065780728.0,301.0
20070325,5612339817117118.0,2021041004612612.5,555.0
20070326,9205556772448980.0,3342715425850340.0,294.0
20070327,5632246838325000.0,1648788405525000.0,400.0
20070328,7356645948029556.0,441564705418719.19,406.0
20070329,18263988515946844.0,5141395049833887.0,301.0
20070330,5151522095749554.0,670004355543672.0,561.0
20070331,6085461899310345.0,2199107434827586.2,290.0
20070401,15327468454983388.0,981276894667774.12,602.0
20070402,8003241409252669.0,2490961227046263.5,281.0
20070403,14858084082061856.0,2965981078350515.5,485.0
20070404,10845131373860182.0,3258516871732523.0,329.0
20070405,10146696740963856.0,5632763665060241.0,332.0
20070406,8090057950143737.0,2356925631211499.0,487.0
20070407,4566444683448276.0,265261081034482.75,290.0
20070408,6701652926446281.0,962079958214876.0,605.0
20070409,8558950588448846.0,5912408399009901.0,303.0
20070410,10491421202150538.0,3008024543817204.0,558.0
20070411,9756088201013514.0,5413500037162162.0,296.0
20070412,7293413406716419.0,1546786648507462.8,402.0
20070413,8999162190464548.0,3558317396577017.0,409.0
20070414,13295297323920266.0,6215347660132890.0,301.0
20070415,12977311903756710.0,3927202883059034.0,559.0
20070416,7477761976584507.0,3784153045774648.0,284.0
20070417,9431122446622296.0,3825320098003328.0,601.0
20070418,9374059408000000.0,3458418742203636.5,275.0
20070419,17943588431250002.0,1782587955041666.8,480.0
20070420,9391224076969696.0,4323281495757576.0,330.0
20070421,13552573196969696.0,5816843075424242.0,330.0
20070422,14258488130864198.0,5306437697736626.0,486.0
20070423,9832031595744680.0,3482202744326241.0,282.0
20070424,7606972949172185.0,79614501324503.312,604.0
20070425,13929096019801980.0,5996991565676568.0,303.0
20070426,8304954382795699.0,3185499278136200.5,558.0
20070427,17777657787162160.0,160275425675675.69,296.0
20070428,10686438047642680.0,1075459426302729.5,403.0
20070429,10319636758024390.0,3827505408292683.0,410.0
20070430,11438668509966776.0,4562838624584718.0,301.0
20070501,7996498047695035.0,1153587183652482.2,564.0
20070502,13823450230215828.0,937572801438848.88,278.0
20070503,19059113597744612.0,6257388832968491.0,603.0
20070504,8888810593090910.0,2719728901309091.0,275.0
20070505,8693219771816284.0,2477910801670146.0,479.0
20070506,10146718446107784.0,2293355091317365.5,334.0
20070507,13035743003003004.0,2035091983783783.8,333.0
20070508,16223889288163266.0,921913307346938.75,490.0
20070509,18666226724381628.0,1270086212014134.2,283.0
20070510,9878008337313432.0,1666677771641791.0,603.0
20070511,7677974424342105.0,1159490532894736.8,304.0
20070512,8663008056989248.0,1679804011827957.0,558.0
20070513,18994573257382552.0,4340994633557047.0,298.0
20070514,10699257519647354.0,4997221506574308.0,397.0
20070515,10337151957420924.0,1731536588321168.0,411.0
20070516,12061629204013378.0,4028499977591973.0,299.0
20070517,20585402358436944.0,4381234330550621.0,563.0
20070518,18985652764210524.0,3491235047719298.0,285.0
20070519,8503912443105174.0,3691872306176961.5,599.0
20070520,9163877462093862.0,3236547817689530.5,277.0
20070521,9118714291440502.0,2675827248851774.5,479.0
20070522,7077018134834834.0,539957947147147.12,333.0
20070523,6616317844135802.0,206354505864197.53,324.0
20070524,7855262778252032.0,710809107967479.62,492.0
20070525,10680771879770834.0,3192480135590278.0,288.0
20070526,8129961678369385.0,820588652612312.75,601.0
20070527,9394418708637872.0,2245929048837209.2,301.0
20070528,15220393112252254.0,-1135809854054054.0,555.0
20070529,12265720622895622.0,3570023472053872.0,297.0
20070530,7061426628282828.0,1062203804545454.5,396.0
20070531,7029285839243902.0,-1063294360731707.4,410.0
20070601,7255892392857142.0,1337665417940199.2,301.0
20070602,6237291929946525.0,-211224206381461.69,561.0
20070603,10148597152500000.0,2812765338214285.5,280.0
20070604,12338723838269550.0,2252814305490848.5,601.0
20070605,8804645161678833.0,859069202189781.0,274.0
20070606,7382409918503119.0,2354710942203742.0,481.0
20070607,10613400018918920.0,3975554108408408.5,333.0
20070608,12988159309337350.0,4347295168373494.0,332.0
20070609,9638664632965236.0,3334652455419223.0,489.0
20070610,4681498228873239.0,-367814696056338.0,284.0
20070611,7953438144195688.0,2914878364029850.5,603.0
20070612,7210845611824324.0,1029411881081081.1,296.0
20070613,5043718905646630.0,-973185118652094.75,549.0
20070614,7679527491419143.0,-609985056072607.25,303.0
20070615,10937532482323232.0,1273172583883838.5,396.0
20070616,9663410840294840.0,3564622993366093.5,407.0
20070617,6370387429666667.0,1110775382566666.6,300.0
20070618,12179927899111900.0,2947186570106571.5,563.0
20070619,16158245065614034.0,6098357746912281.0,285.0
20070620,6186607708366667.0,1004740565249999.8,600.0
20070621,7206221188188406.0,2562702470905797.0,276.0
20070622,5973467866234310.0,592571203556485.38,478.0
20070623,7848292318702065.0,2395951022448377.5,339.0
20070624,7126539876876877.0,3519943040240240.0,333.0
20070625,11175721601224490.0,3948115482448979.5,490.0
20070626,12241333532841328.0,3728569122988930.0,271.0
20070627,8169220380366057.0,2883007981830283.0,601.0
20070628,14325710643333334.0,5833083347000000.0,300.0
20070629,7716767833548446.0,610518616636197.5,547.0
20070630,7246086314238411.0,2062306982119205.2,302.0
20070701,7613987709670050.0,1416138275761421.2,394.0
20070702,6494948517701712.0,1035458711002445.0,409.0
20070703,8163649036666667.0,152711620666666.66,300.0
20070704,7492963007092199.0,573030115425531.88,564.0
20070705,11557735915789474.0,2902712596491228.0,285.0
20070706,13193241135500000.0,1181203432166666.8,600.0
20070707,10215808838909092.0,5451563180109090.0,275.0
20070708,8031023036764706.0,1322765857352941.2,476.0
20070709,6916032492238805.0,2476620328656716.5,335.0
20070710,5337856155120482.0,1204801367951807.2,332.0
20070711,7470143961914460.0,2373991104419552.0,491.0
20070712,9515088073943662.0,2902580097887324.0,284.0
20070713,7843722550496690.0,2313001413576159.0,604.0
20070714,7221742826174497.0,3132229176174496.5,298.0
20070715,7392176922463768.0,2174459328623188.5,552.0
20070716,8024026066127946.0,4141997871380471.5,297.0
20070717,8623391673631841.0,3300195573059701.0,402.0
20070718,7195245846813726.0,2429808056372549.0,408.0
20070719,6877566359435216.0,2391462313621262.5,301.0
20070720,7715229166903915.0,3106557433629893.0,562.0
20070721,8156428809857143.0,3826129767857143.0,280.0
20070722,6399155972166666.0,1713981214500000.0,600.0
20070723,9940910830324910.0,4872082031046931.0,277.0
20070724,12460876807515658.0,4356568168329854.0,479.0
20070725,9577803238554216.0,4692016307771084.0,332.0
20070726,8152166544578313.0,3116966008734940.0,332.0
20070727,9783976770431212.0,3078975844558521.5,487.0
20070728,6499655611993104.0,1615363041379310.2,290.0
20070729,12366065958901832.0,4371620335191347.5,601.0
20070730,7786833956996587.0,3335982063139931.5,293.0
20070731,10898152105376344.0,2219960524193548.5,558.0
20070801,10746743760338982.0,6085978878983051.0,295.0
20070802,12309318560000000.0,995356426000000.0,400.0
20070803,14107968203201970.0,1655219660098522.2,406.0
20070804,5235291643046358.0,-731845450662251.62,302.0
20070805,5002136978853047.0,-1058298619892473.1,558.0
20070806,9923672404467354.0,3106945824914089.5,291.0
20070807,15278133384053156.0,6746888876744186.0,602.0
20070808,7890584358781362.0,4370489882078853.0,279.0
20070809,8628293629225941.0,2578517718619247.0,478.0
20070810,9358124853658536.0,3961703851219512.0,328.0
20070811,7145247252905198.0,1878147733180428.2,327.0
20070812,6704609547433265.0,2032127464065708.5,487.0
20070813,7484920428424658.0,2998070587328767.0,292.0
20070814,6397161310578512.0,1894279052991735.5,605.0
20070815,6488216213621262.0,2406659568770764.0,301.0
20070816,8271649023698385.0,3788645125134650.0,557.0
20070817,8327477916644067.0,3236951304644068.0,295.0
20070818,7049011487623762.0,1512597676262376.2,404.0
20070819,7763112894763092.0,3554605060249376.5,401.0
20070820,6908502276411960.0,-1158871221926910.2,301.0
20070821,6686864052402135.0,2504588348345195.5,562.0
20070822,5374037983661972.0,2220244989190140.8,284.0
20070823,7661175099668325.0,2915553868988391.5,603.0
20070824,7233416212903226.0,3676257274193548.5,279.0
20070825,6247110652783505.0,2257715749175257.5,485.0
20070826,7138630404373089.0,2547364204373088.5,327.0
20070827,6524935320543807.0,568096932326284.0,331.0
20070828,7099189619631902.0,3024817986298568.5,489.0
20070829,8236654727835052.0,3057274826391752.5,291.0
20070830,8291068459038143.0,2223455733499170.8,603.0
20070831,10850601413000000.0,5376290080983334.0,300.0
20070901,6621577948754448.0,1666147325800711.8,562.0
20070902,6358261038843537.0,2297260491156462.5,294.0
20070903,7704621278465346.0,2509513693069307.0,404.0
20070904,5670663788916256.0,884581911330049.25,406.0
20070905,4428094892666666.5,899367936000000.0,300.0
20070906,9233885854525938.0,3895887168872987.5,559.0
20070907,6582721242105263.0,1312232237894736.8,285.0
20070908,15321743936102818.0,1982867498507462.8,603.0
20070909,6197645453554502.0,2583128265876777.5,211.0
20070910,8669694464742268.0,37957570721649.484,485.0
20070911,4023329843692307.5,-1578190373569230.8,325.0
20070912,7158557329115854.0,2426217330182927.0,328.0
20070913,6381890725276073.0,779259423640081.75,489.0
20070914,9892333368231046.0,1291257753429603.0,277.0
20070915,5945139199850000.0,-537017235666666.69,600.0
20070916,9710413445544554.0,1940178885841584.2,303.0
20070917,8420909331675774.0,2125563833060109.5,549.0
20070918,5401121020069204.0,-137324529411764.7,289.0
20070919,7050038960837438.0,-73889825369458.125,406.0
20070920,8857254459600998.0,3511269361845386.5,401.0
20070921,5562571079666667.0,1500751289333333.2,300.0
20070922,8175353219856888.0,2213988263685152.0,559.0
20070923,6402614221799308.0,1662766790657439.5,289.0
20070924,10963446607768594.0,1823072885652892.5,605.0
20070925,4994591353451957.0,1272793563416370.0,281.0
20070926,10045302011270492.0,3051867825409836.0,488.0
20070927,5282292221646341.0,708136232012195.12,328.0
20070928,8178539602702703.0,1595775082762762.8,333.0
20070929,7962405651646091.0,1243818150308642.0,486.0
20070930,10044248278350516.0,3631667472371134.0,291.0
20071001,9223052237147594.0,3886112620729685.5,603.0
20071002,7682927966556292.0,3652240042715232.0,302.0
20071003,9808912889857650.0,3884961841405694.0,562.0
20071004,7535266041237113.0,3602136199278350.5,291.0
20071005,7703147981736973.0,1429462404466501.2,403.0
20071006,16298213804987532.0,4497875975062344.0,401.0
20071007,15918757243333332.0,1483767608166666.8,300.0
20071008,10128614386714544.0,1049386376122082.6,557.0
20071009,2680428084753521.0,-2391132693802817.0,284.0
20071010,21225353182119204.0,2174851666887417.2,604.0
20071011,11751714913357400.0,5482228968122743.0,277.0
20071012,10862020710359408.0,3223886906701903.0,473.0
20071013,6505989428834356.0,1384801500306748.5,326.0
20071014,7384218623723723.0,919227074654654.62,333.0
20071015,8069798603469387.0,1976016612857142.8,490.0
20071016,9453190340410958.0,3189138701712329.0,292.0
20071017,7852417301322314.0,873137908938843.0,605.0
20071018,4330302334006623.0,-403876915033112.56,302.0
20071019,11464807472759856.0,1179498644265233.0,558.0
20071020,9053197699326600.0,5962913429292929.0,297.0
20071021,10784833824257426.0,5444140202153466.0,404.0
20071022,11025624208823530.0,3159882626960784.5,408.0
20071023,21068402627483444.0,1796374874503311.2,302.0
20071024,18014065149466194.0,7241540240569395.0,562.0
20071025,21929267482638892.0,10119316873229166.0,288.0
20071026,16583998670420168.0,2110253811596639.0,595.0
20071027,11659100071886120.0,5600239878647687.0,281.0
20071028,21433251894190872.0,3318372591078838.0,482.0
20071029,7122971123636364.0,3970464071818182.0,330.0
20071030,10538215018429004.0,4186012207552870.0,331.0
20071031,21477320000409836.0,-4586678503073770.0,488.0
20071101,11098512091766784.0,4080198946289752.5,283.0
20071102,20197216446102820.0,8134033627363185.0,603.0
20071103,15659839645484950.0,7568504975585284.0,299.0
20071104,10265568928366246.0,4085729616696589.0,557.0
20071105,5760104050337838.0,1341738722297297.2,296.0
20071106,7079148905475000.0,828542751000000.0,400.0
20071107,7302980650368551.0,-1311840787936118.2,407.0
20071108,6531481852842809.0,1249800831772575.2,299.0
20071109,8955473239609237.0,1010538276749555.8,563.0
20071110,7456243888888889.0,1463613282962963.0,270.0
20071111,15265860953488370.0,2919473315049834.0,602.0
20071112,7230561265232975.0,5151927378494624.0,279.0
20071113,8553162319916143.0,3058930330230608.0,477.0
20071114,12764624689969604.0,4811977638297872.0,329.0
20071115,12616579671084338.0,5676426951506024.0,332.0
20071116,14078561227868852.0,6201293904508198.0,488.0
20071117,10114812217081850.0,-388091313167259.81,281.0
20071118,11365934985572140.0,3492655077943615.5,603.0
20071119,11763055470000000.0,5922337687666667.0,300.0
20071120,9703994755273722.0,3952357171715328.5,548.0
20071121,15069708880872482.0,7078988717449664.0,298.0
20071122,16619806327411166.0,5895722126649747.0,394.0
20071123,10149853608252428.0,-710611046359223.25,412.0
20071124,11190911148514852.0,5543516177887789.0,303.0
20071125,13650036247872342.0,4319488176773049.0,564.0
20071126,18129515114187728.0,8670353415162455.0,277.0
20071127,7768565149578414.0,1380440515902192.2,593.0
20071128,7969164258064516.0,2129925364516129.0,279.0
20071129,1900700377293869.5,-15318933856997886.0,473.0
20071130,14071852308035716.0,3904196880357143.0,336.0
20071201,8581854007098765.0,-1303816453703703.8,324.0
20071202,11898569532862904.0,5055960181048387.0,496.0
20071203,19110148662835248.0,5768141229885057.0,261.0
20071204,13315175230936454.0,4900964748729097.0,598.0
20071205,12122601863822524.0,6681055591808874.0,293.0
20071206,9216191269870610.0,4057837814602588.0,541.0
20071207,18105885384868420.0,8648950812500000.0,304.0
20071208,6361075754498714.0,2155073381491002.5,389.0
20071209,17598620023671496.0,5791093120289855.0,414.0
20071210,9185385488372094.0,6207661432126245.0,301.0
20071211,7436934810479573.0,3853997137477797.5,563.0
20071212,9146155060684410.0,5561199192395437.0,263.0
20071213,15779025935117056.0,2439827126588629.0,598.0
20071214,4294330271565837.0,1231175827402135.2,281.0
20071215,18400205933757960.0,10070643732908706.0,471.0
20071216,17565983252225520.0,8810155094065283.0,337.0
20071217,4585086562974684.0,1850448811392405.0,316.0
20071218,8154007025050101.0,1729565454308617.2,499.0
20071219,13586906324175824.0,5120113375457875.0,273.0
20071220,16004161140728476.0,844561830463576.12,604.0
20071221,14419614388489208.0,8209809324100719.0,278.0
20071222,17449878284117648.0,3905147256985294.0,544.0
20071223,4473148015909091.0,1780382472077922.0,308.0
20071224,7090795473645833.0,804460801536458.38,384.0
20071225,8063598571837709.0,2976829968019093.0,419.0
20071226,6739813591780822.0,1175416013013698.8,292.0
20071227,15840886030404218.0,3894042367486819.0,569.0
20071228,9027380331316726.0,4762529084697509.0,281.0
20071229,10370577157983192.0,4245141739428571.5,595.0
20071230,6985641014336918.0,3602720448028674.0,279.0
20071231,8082989455172414.0,4577997849784483.0,464.0
20080101,8755063291930836.0,3999420716138328.5,347.0
20080102,9181381568354430.0,4255365271848101.5,316.0
20080103,8373390571428571.0,3377319079761905.0,504.0
20080104,5708110795275591.0,1128522311811023.5,254.0
20080105,4766006885430464.0,-745929856291390.75,604.0
20080106,11950880471062272.0,4615692746886447.0,273.0
20080107,10541113376029962.0,6239818527902622.0,534.0
20080108,10202669496166136.0,6431111471246006.0,313.0
20080109,7938653604221636.0,4228138951794195.0,379.0
20080110,11795657057870372.0,7579362822685185.0,432.0
20080111,7784407522491349.0,4684564666574394.0,289.0
20080112,18354388298266896.0,9931189862564992.0,577.0
20080113,19512221761029412.0,12430589841911764.0,272.0
20080114,12180882430808082.0,1896439334191919.2,594.0
20080115,7094887280443686.0,6480692577372013.0,293.0
20080116,24104529327510916.0,4543733794104803.0,458.0
20080117,13481462433048434.0,5848314476068376.0,351.0
20080118,16693652586305734.0,-8031153140000000.0,314.0
20080119,19827314810658916.0,2017109382558139.5,516.0
20080120,14693893235740074.0,7471632872202166.0,277.0
20080121,12039389235199336.0,5412649318156147.0,602.0
20080122,8773147419855595.0,5355393936823105.0,277.0
20080123,8831407820747663.0,4267571660747663.5,535.0
20080124,5575754410903427.0,-1075678839252336.5,321.0
20080125,5655859282795699.0,-545177452956989.25,372.0
20080126,11387565452045456.0,7217600991022727.0,440.0
20080127,12090246026164874.0,7202517208602151.0,279.0
20080128,12173982587241380.0,4662176380862069.0,580.0
20080129,nan,nan,0
20080130,nan,nan,0
20080131,28049799526315788.0,13965594630175438.0,285.0
20080201,7086398976158482.0,414289351116071.44,448.0
20080202,11884876043500000.0,5271359700166667.0,360.0
20080203,17960533228758170.0,7919965070915032.0,306.0
20080204,19827123393410852.0,3663475645542635.5,516.0
20080205,26351125373239436.0,5517330202957746.0,284.0
20080206,15937415784280938.0,5179457145484950.0,598.0
20080207,18195607101071428.0,12975718401071430.0,280.0
20080208,8234926788333334.0,5134778714540230.0,522.0
20080209,9979115629754600.0,4187629914110429.5,326.0
20080210,8144653085552486.0,3085087569060773.5,362.0
20080211,10108425661486486.0,1689639576126126.2,444.0
20080212,13347548841090910.0,6107472420000000.0,275.0
20080213,5005062701680961.0,-1562954159451115.0,583.0
20080214,4390645642253521.0,119209985211267.61,284.0
20080215,14836366558773424.0,5814522035434412.0,587.0
20080216,6357480333792079.0,4964669284023102.0,303.0
20080217,5551635459411764.0,1649723635226244.2,442.0
20080218,9052695586285714.0,5271275974695418.0,371.0
20080219,7604987549839228.0,3310334636655948.5,311.0
20080220,12266199447735848.0,4041675712943396.0,530.0
20080221,6399644476579926.0,1128958973977695.2,269.0
20080222,12115591089108910.0,3971508100000000.0,606.0
20080223,6290087855479452.0,2431893880205479.5,292.0
20080224,9797353117760618.0,5927399101158301.0,518.0
20080225,8303178230917432.0,4925459931834863.0,327.0
20080226,4538290706798867.0,-1430934037790368.2,353.0
20080227,19171362420883000.0,3965089923863134.5,453.0
20080228,15867247680989324.0,5466861494661922.0,281.0
20080229,10615983620608108.0,5283204265929054.0,592.0
20080301,4883880182828283.0,-171424027946127.94,297.0
20080302,8063969052195123.0,-260719864128919.88,574.0
20080303,6929674197000000.0,1952633439333333.2,300.0
20080304,8779886497916667.0,2045556543263889.2,432.0
20080305,9490776994736842.0,3222371041184210.0,380.0
20080306,10855224415841584.0,4619255141254125.0,303.0
20080307,14215753542407406.0,7950579772222222.0,540.0
20080308,8158946450471381.0,1994219474410774.5,297.0
20080309,11283752185264026.0,6048836310610561.0,606.0
20080310,10243412711447810.0,6530856263636364.0,297.0
20080311,9327006610139164.0,4011902817256461.0,503.0
20080312,11676626015772870.0,6700904317034700.0,317.0
20080313,12630764038235294.0,7722219284705882.0,340.0
20080314,9255225986567164.0,4248790350959488.5,469.0
20080315,12169529897317072.0,6256724473519164.0,287.0
20080316,10189035748420170.0,3445838708571428.5,595.0
20080317,9017739956375838.0,1501292919463087.2,298.0
20080318,19090699294053568.0,3199400659107143.0,560.0
20080319,12212287257291666.0,5961027046875000.0,288.0
20080320,13029424853333334.0,3084921194244604.5,417.0
20080321,17286792836317136.0,9649519264961636.0,391.0
20080322,9287040286689420.0,6146135698293515.0,293.0
20080323,14299123060329068.0,4083286088574040.0,547.0
20080324,21296141737931036.0,11832176506551724.0,290.0
20080325,24440184627933884.0,2033915806280991.8,605.0
20080326,10294292538566552.0,4932524046757679.0,293.0
20080327,8457776533805667.0,2244829980971660.0,494.0
20080328,9416295398136646.0,4089699233229813.5,322.0
20080329,8287172243880598.0,4121717432835821.0,335.0
20080330,8767367695729167.0,2254521285645833.5,480.0
20080331,9552553697278912.0,4400695621768707.5,294.0
20080401,9253905470193012.0,2675096528286189.5,601.0
20080402,20875998244481608.0,6131511006688963.0,299.0
20080403,11214703225399646.0,4140452501598579.0,563.0
20080404,5828323678521127.0,1756322252464788.8,284.0
20080405,8408408897445255.0,3276030757445256.0,411.0
20080406,10476908471275862.0,3705145572266010.0,406.0
20080407,12628159803986710.0,6303744717275748.0,301.0
20080408,12774521640143370.0,6130501330465950.0,558.0
20080409,8166865626855124.0,2701576290035335.5,283.0
20080410,10764420790183030.0,4193494313643926.5,601.0
20080411,6260692679285714.0,2309297493214285.5,280.0
20080412,11790443056367432.0,2293200804801670.0,479.0
20080413,10153359105421686.0,2872548400301205.0,332.0
20080414,7641594051051051.0,3215177450450450.5,333.0
20080415,7867877557617107.0,2386899469877800.5,491.0
20080416,6955676459856631.0,3271217165949821.0,279.0
20080417,9646197555132450.0,3682901180629139.0,604.0
20080418,13816531173809524.0,8975235511564626.0,294.0
20080419,12104922812829076.0,-1414489318958742.8,509.0
20080420,10812244440531562.0,5382955821594684.0,301.0
20080421,11616872597468354.0,1908025481012658.2,395.0
20080422,11142812480825242.0,2024585063106796.0,412.0
20080423,10776339292358804.0,4864633980398671.0,301.0
20080424,12317684954432624.0,3469679548758865.0,564.0
20080425,13864880253571428.0,232447321071428.56,280.0
20080426,11578986917171718.0,2812754002525252.5,594.0
20080427,18118791695323740.0,8171944517266187.0,278.0
20080428,6219815764680851.0,-1588381765319149.0,470.0
20080429,8362307922222222.0,3157883886257310.0,342.0
20080430,11308182726433120.0,1653207942675159.2,314.0
20080501,14683732766533864.0,1991972582071713.2,502.0
20080502,10834767206521740.0,2769821851811594.0,276.0
20080503,10637020614332784.0,3667067182866557.0,607.0
20080504,9778971438811190.0,2564249760489510.5,286.0
20080505,9097311598897058.0,541350654044117.62,544.0
20080506,13401757626198084.0,7008095199041534.0,313.0
20080507,7738234307503979.0,1584739330238726.8,377.0
20080508,9393328264120370.0,693303420138888.88,432.0
20080509,10822837508247422.0,3138926698625429.5,291.0
20080510,10504083467590988.0,3196607729116118.0,577.0
20080511,12662575084507042.0,5354182568309859.0,142.0
20080512,13046220804537814.0,6011909660352941.0,595.0
20080513,16439398478424656.0,9865015128082192.0,292.0
20080514,11216535212798262.0,4627688200433839.0,461.0
20080515,8941498205698006.0,2276451746438746.5,351.0
20080516,11179960561170886.0,5394886355063291.0,316.0
20080517,15766107489257812.0,6540739010742188.0,512.0
20080518,9401076013210334.0,3149910962361623.5,271.0
20080519,11555791693118420.0,4439779778618421.0,608.0
20080520,11408502190812720.0,4252149657243816.5,283.0
20080521,16266354920386266.0,1889582369184549.2,466.0
20080522,9855252650476190.0,4295660933333333.5,315.0
20080523,8040905592307693.0,2386767533156498.5,377.0
20080524,9774512856844546.0,3366783464037123.0,431.0
20080525,14615449959183674.0,4935272934017007.0,294.0
20080526,8579604415198618.0,1852582822003454.2,579.0
20080527,12289788233333334.0,3780873156884058.0,276.0
20080528,15232990733277028.0,5200404846114864.0,592.0
20080529,12337411505154640.0,6668564370848797.0,291.0
20080530,10826171246536798.0,3906624432034632.0,462.0
20080531,9983926183333332.0,3299440555367231.5,354.0
20080601,8035362854640378.0,2861153421135646.5,317.0
20080602,15826045138433268.0,5768321120038684.0,517.0
20080603,18466524160583940.0,2689691227007299.5,274.0
20080604,14487554665460528.0,4088291670888158.5,608.0
20080605,14456135112676056.0,5396606208802817.0,284.0
20080606,6896806340789473.0,823483891917293.25,532.0
20080607,9860766474683544.0,3684672467088607.5,316.0
20080608,5753174659946950.0,1492181015384615.5,377.0
20080609,13070402595127610.0,2478201007192575.5,431.0
20080610,10541985836236934.0,3782200312891986.0,287.0
20080611,15191053582068966.0,5873501357413793.0,580.0
20080612,10082960842293906.0,1882826199964157.8,279.0
20080613,9011575581122448.0,2363626378571428.5,588.0
20080614,8974128282352941.0,3128214184083045.0,289.0
20080615,5831865995641593.0,883249097345132.75,452.0
20080616,7403305069859155.0,2550463606197183.0,355.0
20080617,8311120230063292.0,2867941042088607.5,316.0
20080618,13367112098455600.0,3663833097837838.0,518.0
20080619,19258422824187728.0,6355879483754513.0,277.0
20080620,10176825950576606.0,2690563717462932.5,607.0
20080621,8552527773404254.0,2412149644326241.0,282.0
20080622,12210849126143790.0,2080410812592592.5,459.0
20080623,7638288767295597.0,3659382251572327.0,318.0
20080624,8475419316844919.0,1430783690374331.5,374.0
20080625,7483631402968036.0,1241137216438356.2,438.0
20080626,9386716368989548.0,1775953044947735.2,287.0
20080627,8088631127556327.0,2259515487348353.5,577.0
20080628,9715841785409252.0,743021325266903.88,281.0
20080629,10675563480574324.0,2815833958277027.0,592.0
20080630,11272051064041096.0,4281309771232876.5,292.0
20080701,8675389907439824.0,1618400365995623.8,457.0
20080702,6738309171671388.0,1074743388101983.0,353.0
20080703,7344773609584665.0,-253765854185303.5,313.0
20080704,7666085667311412.0,2692314813539652.0,517.0
20080705,8676415649819495.0,2431171716967509.0,277.0
20080706,9945604328995058.0,3074766873805601.5,607.0
20080707,19085690929078016.0,9120821949290780.0,282.0
20080708,9737050128164794.0,2168538457274532.0,534.0
20080709,9508445143396226.0,4240326216352201.5,318.0
20080710,12920544387466666.0,1686156013866666.8,375.0
20080711,7875395972517320.0,2369327362170900.5,433.0
20080712,14521765246896552.0,2955618972758620.5,290.0
20080713,16983340418890818.0,5566297923743501.0,577.0
20080714,10891399840501794.0,1992326441290322.5,279.0
20080715,10368095713109244.0,2067100269579832.0,595.0
20080716,7666861596896552.0,1794526986551724.2,290.0
20080717,10885770527114966.0,1937108416485900.2,461.0
20080718,6262033109572650.0,1212804625356125.2,351.0
20080719,10512794436163522.0,1263906396981132.0,318.0
20080720,18169112347553816.0,5152560986301370.0,511.0
20080721,8231320405970149.0,959654561194029.88,268.0
20080722,8798822606930694.0,827173803795379.5,606.0
20080723,9414952462500000.0,1984192193785714.2,280.0
20080724,14097343086411890.0,-1047020412356687.9,471.0
20080725,8217251204430380.0,1922381097151898.8,316.0
20080726,6984077905894737.0,-399490078750000.0,380.0
20080727,8202288562558140.0,1228916595813953.5,430.0
20080728,10959520310273972.0,1953984252739726.0,292.0
20080729,9010421233234782.0,2482398706260869.5,575.0
20080730,7723706480144404.0,668293236931408.0,277.0
20080731,7868245594571428.0,-587412803361344.5,595.0
20080801,19721382920415224.0,8682828796193771.0,289.0
20080802,7570372463904555.0,1035408928199566.1,461.0
20080803,5406006686994220.0,243157966734104.03,346.0
20080804,11387105911111112.0,1743691201904762.0,315.0
20080805,11962850388932806.0,5283582405533597.0,506.0
20080806,6664035466283525.0,160530201532567.06,261.0
20080807,7119622375406302.0,-612670296716417.88,603.0
20080808,8591983916058394.0,3715560890510949.0,274.0
20080809,8378513073333333.0,1353885696666666.8,540.0
20080810,10458198419417476.0,4219478462362460.0,309.0
20080811,7515038903645833.0,2327512435937500.0,384.0
20080812,7056196324065421.0,2182508251728972.0,428.0
20080813,7734226094594595.0,1624245831418919.0,296.0
20080814,5665063063240419.0,2754468249501742.5,574.0
20080815,12217744068327402.0,7499487801067616.0,281.0
20080816,6604550874662162.0,-453261313868243.25,592.0
20080817,6458239332605634.0,1263001511725352.0,284.0
20080818,8835254994004283.0,3302671055974304.0,467.0
20080819,6512593409275362.0,356477634695652.19,345.0
20080820,13761461721698114.0,3746288044905660.5,318.0
20080821,17153576886227544.0,2328796725748503.0,501.0
20080822,12315856122058824.0,3284621057720588.0,272.0
20080823,8490692088613861.0,2132894658036303.5,606.0
20080824,7095039793950178.0,2753640096441281.0,281.0
20080825,16645559108385744.0,-2476476136477988.0,477.0
20080826,9572299763754046.0,3648283244660194.0,309.0
20080827,5601368929350649.0,706332477740259.75,385.0
20080828,6792683959338061.0,1822955232104019.0,423.0
20080829,6677445476271186.0,1336109141355932.2,295.0
20080830,15733761479425088.0,2312843203484320.5,574.0
20080831,19567518342181816.0,6166973508727273.0,275.0
20080901,7233731386241612.0,279863348657718.12,596.0
20080902,6902454336140351.0,1645831847017543.8,285.0
20080903,6540950733901919.0,798958952878464.88,469.0
20080904,12200880244186046.0,3963501460174418.5,344.0
20080905,13693895463722398.0,-2407900442271293.5,317.0
20080906,14779784260912696.0,5732164244642857.0,504.0
20080907,13668269599219332.0,2482488720408922.0,269.0
20080908,8320614174013157.0,815529677927631.62,608.0
20080909,7164269626334520.0,1296311512811388.0,281.0
20080910,8237455941941392.0,256262780769230.78,546.0
20080911,8263595025889968.0,2961594413915857.5,309.0
20080912,9063537962857142.0,712013190649350.62,385.0
20080913,9664847942417062.0,5145367184123223.0,422.0
20080914,13195467722635136.0,-549434533108108.12,296.0
20080915,7706904159440559.0,2231003360402098.2,572.0
20080916,7669357215714286.0,1369735532142857.2,280.0
20080917,8199421486003373.0,1786938803035413.2,593.0
20080918,9254176840989400.0,3454562566077738.5,283.0
20080919,8547162528329810.0,47520076321353.062,473.0
20080920,8035845179164265.0,1513772087031700.2,347.0
20080921,7651473632380952.0,280251748888888.88,315.0
20080922,22146876009881420.0,7647347180830040.0,506.0
20080923,12330086146691178.0,2052645820955882.2,272.0
20080924,8535771032125207.0,1371121165897858.2,607.0
20080925,6722963603157895.0,877612765263157.88,285.0
20080926,19604633448765432.0,4016667716255144.0,486.0
20080927,nan,nan,0
20080928,nan,nan,0
20080929,nan,nan,0
20080930,9837457042567568.0,3305399341554054.0,296.0
20081001,10296770912739966.0,4494548166736474.0,573.0
20081002,9303266740106384.0,2474931891489361.5,282.0
20081003,12870418443760684.0,3359199304923077.0,585.0
20081004,20030629644366200.0,8264028577112677.0,284.0
20081005,8884179193842887.0,3418111421019108.5,471.0
20081006,13930626678260870.0,5430736178260870.0,345.0
20081007,5670143549526814.0,-1148565587066246.0,317.0
20081008,6312102817365270.0,1141316261077844.2,501.0
20081009,8661317065201465.0,2064898494029304.0,273.0
20081010,-2395763395214522.0,-12204703672442244.0,606.0
20081011,13169034619791666.0,5876136630902778.0,288.0
20081012,7008348861875000.0,1262430337867647.0,544.0
20081013,10991246223684210.0,4336865739506578.5,304.0
20081014,1235650755297157.0,-9293870884237726.0,387.0
20081015,6938242671028037.0,1742707242990654.2,428.0
20081016,6968957285858586.0,1467660610269360.2,297.0
20081017,10734683811188812.0,4900442692832168.0,572.0
20081018,11590515828519854.0,3348754727436823.0,277.0
20081019,11896073378114478.0,2901195988047138.0,594.0
20081020,10777235896819788.0,6203471200000000.0,283.0
20081021,6437060358620690.0,3284126866982758.5,464.0
20081022,10322330738953488.0,3577167980813953.5,344.0
20081023,3705086674132492.0,-1181113759810725.5,317.0
20081024,13818613045269462.0,1073437953053892.2,501.0
20081025,10123141404332130.0,2346561512635379.0,277.0
20081026,15509967454257426.0,2253824302112211.0,606.0
20081027,10152184946503498.0,4534256216783217.0,286.0
20081028,18641382858037576.0,7275448992066806.0,479.0
20081029,9714514493225806.0,4852734338387097.0,310.0
20081030,17451541583333334.0,5898580328125000.0,384.0
20081031,13668840254952830.0,2020448477358490.5,424.0
20081101,10072756079797978.0,5255143756094276.0,297.0
20081102,12851057889860138.0,2816215112307692.5,572.0
20081103,8826978710714286.0,3041113280714285.5,280.0
20081104,9213790465033784.0,3303263466199324.5,592.0
20081105,21762346673263888.0,4979039724652778.0,288.0
20081106,6650514748268398.0,-3226747346753247.0,462.0
20081107,19901735101719196.0,-5121310518624642.0,349.0
20081108,18650840302839116.0,-1978195907886435.2,317.0
20081109,7281266414566929.0,3327816094881890.0,508.0
20081110,4758437923809524.0,841606923443223.5,273.0
20081111,9118437353465346.0,2617415465049505.0,606.0
20081112,8675532288421053.0,2149163484210526.2,285.0
20081113,12704253957407406.0,2813125498333333.5,540.0
20081114,11877815097142858.0,4428473000688888.5,315.0
20081115,3210991220526316.0,-3979049576315789.5,380.0
20081116,7925607913752914.0,-889922844988345.0,429.0
20081117,9952463958163264.0,3403414804285714.5,294.0
20081118,12217203977660314.0,2622338688388215.0,577.0
20081119,14860201416304346.0,3460826610507246.5,276.0
20081120,13494448234017094.0,767244547521367.5,585.0
20081121,10805725753333332.0,4676548342105263.0,285.0
20081122,-6552871386541850.0,-14933981710110132.0,454.0
20081123,8093455587392550.0,1578752491690544.5,349.0
20081124,10661076274608150.0,849690269905956.12,319.0
20081125,8137228228137255.0,2398564726078431.5,510.0
20081126,11003148230656934.0,1338868009124087.5,274.0
20081127,-10093494323432344.0,-20493888237128712.0,606.0
20081128,42308795164056936.0,25523693060498220.0,281.0
20081129,16660511029220778.0,-1300241817748917.8,462.0
20081130,5174419902547771.0,1253310735031847.2,314.0
20081201,3419942343431634.5,-7629939244235926.0,373.0
20081202,7750292289449541.0,3135521676146789.0,436.0
20081203,10523040844982698.0,27953020207612.457,289.0
20081204,797664432124352.38,-6103548899827288.0,579.0
20081205,12689418758718862.0,4933989875444840.0,281.0
20081206,14561940909322036.0,4874646725762712.0,590.0
20081207,8183995900000000.0,4483274482191781.0,292.0
20081208,6455655785776805.0,1597695539824945.2,457.0
20081209,12959630754366198.0,2015464241971831.0,355.0
20081210,-6789883276582278.0,-10973647719303796.0,316.0
20081211,-510785860914760.94,-9172201575883576.0,481.0
20081212,19979103614285716.0,5288017000714286.0,280.0
20081213,10992173699669966.0,2717531413828383.0,606.0
20081214,10528610964412812.0,5046369192170819.0,281.0
20081215,8951042677153558.0,4448978222808988.5,534.0
20081216,6643845208805031.0,2313572126100629.0,318.0
20081217,10394399542883598.0,-1860286288359788.2,378.0
20081218,14080498333580310.0,4541811472797927.0,386.0
20081219,6982623890940767.0,1227165772125435.5,287.0
20081220,12079364452087474.0,5444361886083500.0,503.0
20081221,5948389675539568.0,-23187668417266.188,278.0
20081222,11579153789322034.0,2751045778271186.5,590.0
20081223,9840148075342466.0,2280820674315068.5,292.0
20081224,8084170262938597.0,3508413402807017.5,456.0
20081225,7546274049396552.0,3706184210344827.5,348.0
20081226,10699451630220820.0,4039893293375394.5,317.0
20081227,30298018914746544.0,11627043876958524.0,434.0
20081228,10293108605839416.0,3430313534671533.0,274.0
20081229,16655525228184874.0,8498587805546217.0,595.0
20081230,7642010975265018.0,2012117595406360.5,283.0
20081231,21815163903225808.0,5638385121720430.0,465.0
20090101,13500730696250000.0,7797639638437501.0,320.0
20090102,8510356036870027.0,2476348080636605.0,377.0
20090103,50267598853958944.0,45608612844574776.0,341.0
20090104,11142327982006920.0,3279380817993079.5,289.0
20090105,33708384434412956.0,25928522180161944.0,494.0
20090106,12183019592057762.0,6180163097472924.0,277.0
20090107,-26609840560810808.0,-39142480852533784.0,592.0
20090108,10296264065068494.0,6317039124657534.0,292.0
20090109,4702682355364238.0,2400466149006622.5,453.0
20090110,35103043072674412.0,22060501867732556.0,344.0
20090111,11879326301587302.0,4462113603174603.0,315.0
20090112,26090841311212812.0,21628848883066360.0,437.0
20090113,11055842088560886.0,5067392561623616.0,271.0
20090114,16676833237785348.0,10149356926064736.0,587.0
20090115,18629903632508832.0,14169429724381626.0,283.0
20090116,8959535420000000.0,5101554132037037.0,540.0
20090117,5764322884462025.0,1343981714240506.2,316.0
20090118,9418078132453826.0,2786885303166227.0,379.0
20090119,1.3925062771148998e+17,1.316701141e+17,349.0
20090120,17632827883561644.0,6845545232876712.0,292.0
20090121,29015841828073764.0,19273794308196720.0,488.0
20090122,17939430007220216.0,7327792169314079.0,277.0
20090123,-7378009407106599.0,-12816709302368866.0,591.0
20090124,12680568560975610.0,8257667529616725.0,287.0
20090125,10950761286334056.0,4324857460715835.5,461.0
20090126,29700409542769232.0,23090478723384616.0,325.0
20090127,10022551046687698.0,7257425359337540.0,317.0
20090128,47344973819594584.0,45502560160135128.0,444.0
20090129,12028650916788322.0,6667325062335766.0,274.0
20090130,14705780852447552.0,12994403920279720.0,572.0
20090131,12528041912120140.0,5706721405300353.0,283.0
20090201,27727634141552508.0,9964806462123288.0,438.0
20090202,14249112366242038.0,7656190416401274.0,314.0
20090203,2709254787401575.0,-7992448679790028.0,381.0
20090204,69443547587909320.0,64715308599168768.0,397.0
20090205,16614018418367348.0,10946033635714286.0,294.0
20090206,42716182752417792.0,42363446736943912.0,517.0
20090207,15925083453237410.0,11879471060431654.0,278.0
20090208,19422244428815140.0,15387513246596832.0,568.0
20090209,15152096114013842.0,7296544814532872.0,289.0
20090210,15653767607559396.0,2575656917062635.0,463.0
20090211,20439318196969696.0,12665001878787878.0,330.0
20090212,9416043985849058.0,858675019496855.38,318.0
20090213,47390440691666664.0,44975032221041664.0,480.0
20090214,20224576506250000.0,-10520161856617648.0,272.0
20090215,12473475026863084.0,7844823607105719.0,577.0
20090216,9524760336879432.0,3709803420921986.0,282.0
20090217,20708768198518520.0,523575413333333.31,540.0
20090218,14024626520634920.0,3264543455555555.5,315.0
20090219,13914199874015748.0,6386993162729659.0,381.0
20090220,28419437833333332.0,22349748951302084.0,384.0
20090221,10804584939115646.0,2677345965306122.5,294.0
20090222,6341358541745731.0,5588148833965845.0,527.0
20090223,27344560285714284.0,8560667753571429.0,280.0
20090224,-5755686335701599.0,-13354917559680288.0,563.0
20090225,11098474305944056.0,7255963774475524.0,286.0
20090226,11649602008441558.0,7152655274523810.0,462.0
20090227,9796828043750000.0,2257220298055555.5,288.0
20090228,13339674096226416.0,8570300810691824.0,318.0
20090301,54324402066666664.0,52869412477027024.0,444.0
20090302,10422517246268656.0,3332714279850746.5,268.0
20090303,16900864213461540.0,5495456535139860.0,572.0
20090304,15954888681690140.0,1424955388380281.8,284.0
20090305,27349733176972280.0,9930667202750534.0,469.0
20090306,8116291851735016.0,3494441878233438.5,317.0
20090307,9660971701044388.0,3752912947258485.5,383.0
20090308,10091769594164456.0,5986733444615385.0,377.0
20090309,9667908657534246.0,4271453055821918.0,292.0
20090310,-2275747800564971.5,-4602491469114878.0,531.0
20090311,11057230212915128.0,4179602090774907.5,271.0
20090312,9048502919270834.0,1501322591197916.8,576.0
20090313,22479320878892732.0,11365316013840830.0,289.0
20090314,8100678572368421.0,-3760576599942982.0,456.0
20090315,7305440496007067.0,2988733686925795.0,283.0
20090316,8633979636677115.0,1199061718808777.5,319.0
20090317,13602634041891890.0,12065277727918920.0,444.0
20090318,10638918372177122.0,5779295152767528.0,271.0
20090319,-2433090588541666.5,-7024285833263889.0,576.0
20090320,19362699856140352.0,7069311553333333.0,285.0
20090321,12634578086460672.0,6389424665168539.0,534.0
20090322,11533310512380952.0,4154395946031746.0,315.0
20090323,12797915826315790.0,8018564436315789.0,380.0
20090324,9850975158527132.0,6395029659302325.0,387.0
20090325,22981681536082472.0,11746600900343642.0,291.0
20090326,19927840681869160.0,16472437810467290.0,535.0
20090327,8266706147211896.0,4461472787732342.0,269.0
20090328,13106778540925266.0,6393316419750890.0,562.0
20090329,10466354501023890.0,5485544171331058.0,293.0
20090330,12107021908423326.0,1881781462634989.2,463.0
20090331,25703931932098768.0,8423684466358025.0,324.0
20090401,9665176167088608.0,1347138643354430.5,316.0
20090402,13444477302907218.0,12004395665793814.0,485.0
20090403,16816386081617648.0,8659401773161766.0,272.0
20090404,10513119977836880.0,6637725519148936.0,564.0
20090405,11045630589399294.0,6499602849116608.0,283.0
20090406,14535668227956990.0,4810086284086022.0,465.0
20090407,8533157972641509.0,3305054189622641.5,318.0
20090408,8722181322691292.0,2725098722559367.0,379.0
20090409,11598286371162790.0,7591760485116279.0,430.0
20090410,17333551382758618.0,2069516161413793.0,290.0
20090411,14144633656424582.0,10496636798137804.0,537.0
20090412,15722319385454546.0,4792265934545455.0,275.0
20090413,16677040254512634.0,1806753257942238.2,554.0
20090414,9162258277777778.0,2821169232638889.0,288.0
20090415,10475833052608694.0,4515960286739130.0,460.0
20090416,9629571104011460.0,5570675200573066.0,349.0
20090417,10263960825949368.0,2778990403481012.5,316.0
20090418,10279986872434608.0,8244754901408451.0,497.0
20090419,6492160586466165.0,687839977105263.12,266.0
20090420,9463903828048780.0,5827052734494774.0,574.0
20090421,10236129105300354.0,4859392760424028.0,283.0
20090422,6827495412814258.0,1060460912570356.5,533.0
20090423,8033062958582376.0,5687624582720306.0,261.0
20090424,29274712976315792.0,2520769089473684.0,380.0
20090425,9260909538692098.0,6006617524795640.0,367.0
20090426,9065730555517242.0,693823948620689.62,290.0
20090427,10834618955660376.0,7067915064905660.0,530.0
20090428,8832281094545455.0,1972893371272727.2,275.0
20090429,10456412573429602.0,4106522777671480.0,554.0
20090430,9438758973655172.0,3768494374137931.0,290.0
20090501,9928591944492442.0,1430120388984881.2,463.0
20090502,15389997655775576.0,12471627061716170.0,303.0
20090503,7607464088012619.0,1153398576656151.5,317.0
20090504,7644150137119675.0,4758613236511156.0,493.0
20090505,10450920806886446.0,3378984293772894.0,273.0
20090506,9929474283104694.0,5972849672166065.0,554.0
20090507,11745838141672598.0,5572559334519573.0,281.0
20090508,12030850748283262.0,-4892972918454936.0,466.0
20090509,11462118254237288.0,9238945769491526.0,295.0
20090510,8628870788918206.0,1904697158548812.8,379.0
20090511,12651625344139652.0,8797485087281796.0,401.0
20090512,10800350312244898.0,2351654252380952.5,294.0
20090513,11014701715456238.0,8100826823091248.0,537.0
20090514,20063670351449272.0,8669633345289854.0,276.0
20090515,9369153437956204.0,2703509482116788.5,548.0
20090516,11562890656357388.0,4901119801374570.0,291.0
20090517,11798067275215516.0,3297184475000000.0,464.0
20090518,10962989488198758.0,8611089886956522.0,322.0
20090519,14115619225552050.0,-385060211230283.94,317.0
20090520,14699809685140562.0,7556128970281124.0,498.0
20090521,15137563990370370.0,-1504752751481481.5,270.0
20090522,4667274323609672.0,730820522107081.12,579.0
20090523,12340725241134752.0,3679387035460993.0,282.0
20090524,10479734032990654.0,1386520299626168.2,535.0
20090525,17234632238344594.0,13091229073986488.0,296.0
20090526,12953245548157896.0,2970538622368421.0,380.0
20090527,14786976460975608.0,10045985912195122.0,410.0
20090528,11177708090068494.0,4646927990068493.0,292.0
20090529,10143955881651376.0,6512334075229358.0,545.0
20090530,10809577331751824.0,3943972416788321.0,274.0
20090531,6450623410489510.0,-4210079834090909.5,572.0
20090601,17531795530821920.0,8854163592465753.0,292.0
20090602,12046138509933774.0,2008888655849889.5,453.0
20090603,13565569615384616.0,10599546731384614.0,325.0
20090604,11203421027672956.0,-1571888805031.4465,318.0
20090605,11613962024144870.0,8757969989537223.0,497.0
20090606,15639258000000000.0,6886494583882784.0,273.0
20090607,5901705698793103.0,2787219864724138.0,580.0
20090608,9740392646289752.0,3314861123003533.5,283.0
20090609,14643603032119914.0,-2943435639207709.0,467.0
20090610,8864174248160535.0,6478018498327759.0,299.0
20090611,8069251635809019.0,1462018301697612.8,377.0
20090612,11279440997000000.0,7151240252500000.0,400.0
20090613,13446829950000000.0,940659580952381.0,294.0
20090614,5915041603623188.0,1414762205434782.5,552.0
20090615,10671099000000000.0,2439623392857143.0,280.0
20090616,2550881099049296.0,-2457798795246479.0,568.0
20090617,9745548336769760.0,5321559261512027.0,291.0
20090618,7112269552608696.0,1121558783478260.9,460.0
20090619,9325102531481482.0,7104584308641975.0,324.0
20090620,10466601550632912.0,3224145426265823.0,316.0
20090621,12046463973991936.0,9226757735887096.0,496.0
20090622,11562480877407406.0,3746842805925926.0,270.0
20090623,12582109924268502.0,8465772563166954.0,581.0
20090624,11566888468683274.0,3437587711032028.5,281.0
20090625,9716674921666666.0,2078443498185185.2,540.0
20090626,11891756601093248.0,8609465195305465.0,311.0
20090627,9355367833333332.0,1177065689763779.5,381.0
20090628,9337263045297030.0,5841939412871287.0,404.0
20090629,9950084067353952.0,2157844380412371.2,291.0
20090630,9199417097790054.0,4978336263904235.0,543.0
20090701,13303201516363636.0,3401551836727272.5,275.0
20090702,5846700052797203.0,329893028321678.31,572.0
20090703,10494157236885812.0,4816833673356401.0,289.0
20090704,9627550407375272.0,3255291292624729.0,461.0
20090705,10476261497514792.0,7647565741420118.0,338.0
20090706,11765075689841270.0,2514251808253968.5,315.0
20090707,14171777895431372.0,11620947025882352.0,510.0
20090708,7332984735687732.0,2296240516728624.5,269.0
20090709,7313091355462184.0,4516814161563025.0,595.0
20090710,7184321049290780.0,1152869228191489.2,282.0
20090711,22356502861407248.0,1374479113219616.2,469.0
20090712,11931302630508474.0,8354135293220340.0,295.0
20090713,10797871438320210.0,336468183202099.75,381.0
20090714,9698283481296758.0,6269036689526184.0,401.0
20090715,12872768945205480.0,3749734517671233.0,292.0
20090716,12821017802018082.0,8060007198220615.0,553.0
20090717,8653329883393501.0,1223787540794223.8,277.0
20090718,10735808041415928.0,4451799326194690.0,565.0
20090719,11371657615120274.0,5707417342955326.0,291.0
20090720,9175057829004330.0,1562817306298701.2,462.0
20090721,11616527820289856.0,9397285292753624.0,345.0
20090722,11023185110539684.0,417003483492063.5,315.0
20090723,10058460221011906.0,7088711247738096.0,504.0
20090724,9998315806985296.0,1752133743750000.0,272.0
20090725,10608506882764506.0,6433565131399317.0,586.0
20090726,19003598144366196.0,7376744859154930.0,284.0
20090727,8329207464639556.0,1705237630602587.8,541.0
20090728,5012491281588448.0,2464937460830325.0,277.0
20090729,7979918357519790.0,874574574274406.38,379.0
20090730,9765793979616308.0,7425744097673862.0,417.0
20090731,8443438846551725.0,1564311882310344.8,290.0
20090801,7962368146727273.0,5202595499818181.0,550.0
20090802,10885155299277980.0,2747032363176895.5,277.0
20090803,nan,nan,0.0
20090804,10935973177083334.0,3931760533715278.0,288.0
20090805,7778883285281385.0,-260453597186147.19,462.0
20090806,7600194707210031.0,4223826471473354.0,319.0
20090807,8710640845425868.0,-1040899504100946.4,317.0
20090808,10738432858984376.0,8061849924804687.0,512.0
20090809,10453734804059042.0,1815259742435424.2,271.0
20090810,13088628542059336.0,6321408652356021.0,573.0
20090811,13354005503623188.0,4245533881521739.0,276.0
20090812,15927948146367520.0,27105316880341.879,468.0
20090813,9950074417515922.0,7618714629936306.0,314.0
20090814,9891293230319148.0,2590684038563830.0,376.0
20090815,8470545820351758.0,4072823268844221.0,398.0
20090816,16934502796206896.0,2286562566551724.0,290.0
20090817,9893084641208792.0,7352667978754579.0,546.0
20090818,9620605169675090.0,3009588684115523.5,277.0
20090819,8609121969221239.0,3023291307628318.5,565.0
20090820,9619285480565372.0,4120102780212014.0,283.0
20090821,16770786728165940.0,-1791921044541484.8,458.0
20090822,6751680188161994.0,4295025025856698.0,321.0
20090823,11393435741823898.0,4401197366352201.5,318.0
20090824,16215922083431954.0,10146281481558186.0,507.0
20090825,12056074521691178.0,4720061702205882.0,272.0
20090826,14424130436765736.0,12595827043059440.0,572.0
20090827,8934625311743772.0,1967857674733096.0,281.0
20090828,9090434144943822.0,3588587333707865.0,534.0
20090829,7970398498269896.0,3210113118477508.5,289.0
20090830,9422164506400000.0,2243443131200000.0,375.0
20090831,7779078040431267.0,3686029053638814.0,371.0
20090901,9971987546712802.0,1881830954359861.5,289.0
20090902,13656001665054946.0,11458997927472526.0,455.0
20090903,14520316361010830.0,2117723130324909.8,277.0
20090904,1356035572017353.5,-4428046880694143.0,461.0
20090905,8013575786971831.0,3047251193978873.0,284.0
20090906,10184974344588744.0,2393458849567099.5,462.0
20090907,19079336386809816.0,15098581075766868.0,326.0
20090908,11857462527848102.0,4698265115727848.0,316.0
20090909,10473115948103792.0,6958174017345309.0,501.0
20090910,11391953036496350.0,3496668230766423.5,274.0
20090911,11486100581327802.0,8604040700414938.0,482.0
20090912,8250872223674911.0,2515755316607774.0,283.0
20090913,23352307789356984.0,6905443998669623.0,451.0
20090914,6595350339849624.0,4219626745375940.0,266.0
20090915,11437717684042554.0,2627700689893617.0,376.0
20090916,7806653634335839.0,4138649125814536.5,399.0
20090917,25911448262068964.0,8061740406896552.0,290.0
20090918,16092631245770064.0,13829900749240782.0,461.0
20090919,8305892258992806.0,420049878417266.19,278.0
20090920,-53828432359836064.0,-61533239531086072.0,488.0
20090921,11704801267375886.0,670299429078014.12,282.0
20090922,3336044312364425.0,-13160411511062906.0,461.0
20090923,8877134274766355.0,5960751281308411.0,321.0
20090924,5683543503144654.0,-3607335947798742.0,318.0
20090925,10047852079800000.0,6407341288800000.0,500.0
20090926,12232340035925924.0,1792190977407407.5,270.0
20090927,-1999021520452756.2,-4035267559822835.0,508.0
20090928,8946200571850533.0,2764642445551601.5,281.0
20090929,6877553469500924.0,-1230201156561922.2,541.0
20090930,3124854102097902.0,-270774285314685.31,286.0
20091001,9865210143085106.0,1067390301329787.2,376.0
20091002,28579230623821336.0,23482518936724564.0,403.0
20091003,11692530058419244.0,4350554101374570.5,291.0
20091004,12007344017582418.0,9584741307326006.0,546.0
20091005,15729951289051094.0,5286678226970803.0,274.0
20091006,6314250174242424.0,-38146752840909.094,528.0
20091007,9637451679710144.0,3900672446376811.5,276.0
20091008,6837599966738661.0,1892500528380129.5,463.0
20091009,7343256439570551.0,5157942519325153.0,326.0
20091010,8849736205696203.0,2931965281012658.0,316.0
20091011,7439710609467456.0,5086168607495069.0,507.0
20091012,29879889703703704.0,6871311450222222.0,270.0
20091013,-2251022841155234.8,-4794447783574007.0,554.0
20091014,12139587325357144.0,4046380024607143.0,280.0
20091015,14387980813211844.0,-5585209530068337.0,439.0
20091016,5162108193309859.0,2160469265492957.8,284.0
20091017,8142822436675462.0,581126199472295.5,379.0
20091018,9212838767493796.0,6531789171960298.0,403.0
20091019,10350297032993198.0,4024826568027211.0,294.0
20091020,10849686179924244.0,9559554895833332.0,528.0
20091021,16618518007168458.0,6504349725089606.0,279.0
20091022,1154456253030303.0,-3461502929734848.0,528.0
20091023,16007511188967972.0,9032703693594306.0,281.0
20091024,9993132966013070.0,3359141192592592.5,459.0
20091025,18491384459815952.0,13369435100920244.0,326.0
20091026,11970542482389938.0,3163690089937107.0,318.0
20091027,11387032395882354.0,9682022463529412.0,510.0
20091028,10009281477173912.0,2151833409420289.8,276.0
20091029,383552439522058.81,-2621462656433823.5,544.0
20091030,12370063609929078.0,7491180550354610.0,282.0
20091031,9016557715748032.0,2687394575590551.0,508.0
20091101,5747701066433566.0,3711286811538461.5,286.0
20091102,-2942678366047744.0,-9726804667718832.0,377.0
20091103,14270864905236910.0,10350177156608478.0,401.0
20091104,9820175319310344.0,4579035532241380.0,290.0
20091105,9650281038519924.0,8457872443605313.0,527.0
20091106,13754669878623188.0,3420512823913043.5,276.0
20091107,-630999832007233.25,-5471629473598553.0,553.0
20091108,7581667798586572.0,4292273181272085.0,283.0
20091109,9380478750542300.0,4413067032537961.0,461.0
20091110,8391989541687501.0,6990991933750000.0,320.0
20091111,11880711932704402.0,6357866419182390.0,318.0
20091112,16021498515204676.0,12613060649356726.0,513.0
20091113,5511874491143911.0,477430893357933.56,271.0
20091114,12524772954782608.0,10622278561913042.0,575.0
20091115,18034183574285716.0,10091293037500000.0,280.0
20091116,28861740090090092.0,2327698570720720.5,444.0
20091117,9329490033568906.0,7433798657243816.0,283.0
20091118,11386987098416888.0,3390002703166227.0,379.0
20091119,17844446746984926.0,12526988731909548.0,398.0
20091120,17381779541868512.0,-2771651804152249.0,289.0
20091121,23381668384712232.0,21117171782194244.0,556.0
20091122,28436667155797104.0,9209579090579710.0,276.0
20091123,21990926853571428.0,10278431026428572.0,560.0
20091124,14251812687719298.0,9587760378947368.0,285.0
20091125,12057806645021646.0,2663471076190476.0,462.0
20091126,18002104663793102.0,11083297344106582.0,319.0
20091127,11839232822397478.0,4516755265299685.0,317.0
20091128,12864477535944334.0,9602203450656064.0,503.0
20091129,9652563814126394.0,999014259851301.12,269.0
20091130,-10930710722469982.0,-16162917930531732.0,583.0
20091201,10752614796428572.0,5005898440357143.0,280.0
20091202,10171507236986300.0,3762521447945205.5,511.0
20091203,-6683723460915493.0,-9238679565140844.0,284.0
20091204,10337683878571428.0,3196539280423280.5,378.0
20091205,2012060937717121.5,-828472280645161.25,403.0
20091206,10928365927586206.0,4156529448275862.0,290.0
20091207,14044046641247834.0,13127244097053726.0,577.0
20091208,22762766710144928.0,8012908707608696.0,276.0
20091209,11787225768706296.0,7175231958216784.0,572.0
20091210,26021670623239436.0,8567947838028169.0,284.0
20091211,8079444847826087.0,-912126796304347.88,460.0
20091212,5505254350000000.0,3300302559375000.0,320.0
20091213,12975807596214512.0,5165000249211356.0,317.0
20091214,11330549619140624.0,9814958021484376.0,512.0
20091215,9878131330882352.0,5595512111764706.0,272.0
20091216,-748770492079207.88,-2615952365841584.0,606.0
20091217,21586264046263344.0,14105793348754448.0,281.0
20091218,23507368143519312.0,8325624477253219.0,466.0
20091219,8708867907042254.0,6888306658450704.0,284.0
20091220,10917439762532982.0,3406828503852242.5,379.0
20091221,9524496872681704.0,5694610323809524.0,399.0
20091222,12249047984589042.0,990399606849315.12,292.0
20091223,15443685768421052.0,14533039357719298.0,570.0
20091224,34643750293906812.0,6986368599283154.0,279.0
20091225,13275506260937500.0,6235011022395833.0,576.0
20091226,17016869652631580.0,10099025926666668.0,285.0
20091227,13095025864923748.0,-508310073420479.31,459.0
20091228,7845299003333333.0,4390993828333333.5,300.0
20091229,9334269350788644.0,4982698868422713.0,317.0
20091230,9727018583431952.0,8464718142011834.0,507.0
20091231,17880436925873604.0,3286110828587360.5,269.0
