20050101,10216904267857142.0,484819857142857.12,56.0
20050102,12618705454545454.0,7511440704545455.0,44.0
20050103,6769959634146341.0,5277620963414634.0,82.0
20050104,10062541388888888.0,-7172857694444444.0,36.0
20050105,9924172086021506.0,7921932344086022.0,93.0
20050106,4206677672727272.5,2511857681818182.0,44.0
20050107,5810193864864865.0,2875862368918919.0,74.0
20050108,4583946533333333.0,4620736657777778.0,45.0
20050109,6022409340000000.0,4394345580000000.0,50.0
20050110,11628981639344262.0,7195719616393443.0,61.0
20050111,4176617625000000.0,161503666666666.66,48.0
20050112,12578344150537634.0,10425330889247312.0,93.0
20050113,13192632826086956.0,13436558913043478.0,46.0
20050114,39685228022471912.0,35836380808988764.0,89.0
20050115,26415833513513512.0,17233693108108108.0,37.0
20050116,12266827000000000.0,3315444426153846.0,65.0
20050117,6461354614035088.0,6092372508771930.0,57.0
20050118,2650371250000000.0,918425342500000.0,40.0
20050119,10560357469135802.0,7888520998518519.0,81.0
20050120,1.133763876e+17,77277224285714288.0,35.0
20050121,17708579139784946.0,7839323562365591.0,93.0
20050122,22682251909090908.0,17192762072727272.0,44.0
20050123,31187950706666668.0,16893841026666666.0,75.0
20050124,4575514543478261.0,4047436832608695.5,46.0
20050125,8987192140000000.0,6598392616000000.0,50.0
20050126,5461826362318841.0,4232764307246377.0,69.0
20050127,6961973695652174.0,3707355436956521.5,46.0
20050128,9406986298901098.0,6129119109890110.0,91.0
20050129,11704436607843138.0,10896946921568628.0,51.0
20050130,8587741707865169.0,8749028393258427.0,89.0
20050131,4970048965714286.0,3503344142857143.0,35.0
20050201,2336809984375000.0,-5028564587500000.0,64.0
20050202,18019520948275864.0,10667402068965518.0,58.0
20050203,2304135893617021.5,-2160145085106383.0,47.0
20050204,6324033063291139.0,2079139556962025.2,79.0
20050205,5343415657142857.0,2042370645714285.8,35.0
20050206,8316312043010753.0,6175662984946237.0,93.0
20050207,4540325121739130.0,2770628739130435.0,46.0
20050208,14862402037974684.0,11610106844303798.0,79.0
20050209,12592830285714286.0,8573158238095238.0,42.0
20050210,1752521514000000.0,1958661720000000.0,50.0
20050211,5102850014492754.0,3538544782608695.5,69.0
20050212,4389387129166666.5,2310763526895833.5,48.0
20050213,3632059708888889.0,1396317972222222.2,90.0
20050214,2446483380000000.0,607254948000000.0,50.0
20050215,7150870534883721.0,-1383978616279069.8,86.0
20050216,5039237777777778.0,5313328055555556.0,36.0
20050217,5925372546875000.0,6190479356250000.0,64.0
20050218,6089890189655172.0,4838711189655172.0,58.0
20050219,-8813808617021277.0,-18980203255319148.0,47.0
20050220,15417818265060240.0,11615472674698796.0,83.0
20050221,12970656176470588.0,9679907844117648.0,34.0
20050222,16249304361702128.0,6478095531914894.0,94.0
20050223,3911944857142857.0,3380166190476190.5,42.0
20050224,12009852763157894.0,8374296355263158.0,76.0
20050225,15451837477272728.0,14491602954545454.0,44.0
20050226,6418270200000000.0,7233822600000000.0,50.0
20050227,5027548308823529.0,4975115823529412.0,68.0
20050228,5570336333333333.0,4799516687500000.0,48.0
20050301,12549002260869566.0,8054336010869565.0,92.0
20050302,22251255777777776.0,20826375111111112.0,45.0
20050303,11837221505617978.0,7008589426966292.0,89.0
20050304,9891435324324324.0,2405081351351351.5,37.0
20050305,15986631938461538.0,-3298857876923077.0,65.0
20050306,4563486500000000.0,4158918285714285.5,56.0
20050307,6883410189130435.0,5203627623913043.0,46.0
20050308,9554121500000000.0,6308083445783133.0,83.0
20050309,14385837714285714.0,10993868285714286.0,35.0
20050310,3534652967391304.5,3037861826086956.5,92.0
20050311,3248735153846154.0,2975662769230769.0,39.0
20050312,7113604601315789.0,4885771353947368.0,76.0
20050313,5192176377777778.0,4891954711111111.0,45.0
20050314,8422315807843137.0,6753516878431373.0,51.0
20050315,10662591985714286.0,10299458222857142.0,70.0
20050316,13420749531914894.0,10656083851063830.0,47.0
20050317,6510104725274725.0,6027302729670330.0,91.0
20050318,11926825282608696.0,8332201608695652.0,46.0
20050319,5432410337931034.0,5299397854657471.0,87.0
20050320,6801973925000000.0,4033187525000000.0,40.0
20050321,3546178722222222.0,584789301587301.62,63.0
20050322,14462503291785714.0,5744118803571429.0,56.0
20050323,5171927977777778.0,5324335764444444.0,45.0
20050324,8565943700000000.0,5780082722784810.0,79.0
20050325,2918425457142857.0,1394469731428571.5,35.0
20050326,9879679659574468.0,437683851063829.81,94.0
20050327,4472835957674418.5,1372607046511628.0,43.0
20050328,6785243944155844.0,3543933948051948.0,77.0
20050329,697340722790697.62,-4434373306976744.0,43.0
20050330,5950426823529412.0,3436949213725490.0,51.0
20050331,7504232063492063.0,5001424857142857.0,63.0
20050401,4632795586956522.0,79806826086956.516,46.0
20050402,7733626124021739.0,4532744036956522.0,92.0
20050403,5264790893617021.0,1334839604255319.2,47.0
20050404,4458155954022988.5,3140000032413793.0,87.0
20050405,2193073548387096.8,1073043290322580.6,31.0
20050406,1989312000000000.0,-1089031787878787.9,66.0
20050407,3463554263157894.5,957381726315789.5,57.0
20050408,6787569000000000.0,3166884586956521.5,46.0
20050409,5555417830864198.0,3427845975308642.0,81.0
20050410,5523480545454545.0,2533906393939394.0,33.0
20050411,9170374798602150.0,7155731290322581.0,93.0
20050412,5528625755555556.0,6299234680000000.0,45.0
20050413,3535024232876712.5,761225534246575.38,73.0
20050414,10204542159090910.0,7327949340909091.0,44.0
20050415,8378335820000000.0,2170390180000000.0,50.0
20050416,9055447808823530.0,5222149538235294.0,68.0
20050417,7299453617021277.0,4211494936170213.0,47.0
20050418,9095477133333334.0,5360954144444444.0,90.0
20050419,3377780104000000.0,687379908000000.0,50.0
20050420,5562937407777778.0,5087078388888889.0,90.0
20050421,5876237500000000.0,4256096388888889.0,36.0
20050422,7423302539682540.0,4313566796190476.0,63.0
20050423,9691944844827586.0,7116786072413793.0,58.0
20050424,5470083434782609.0,3604324456521739.0,46.0
20050425,13390347860000000.0,6691341482500000.0,80.0
20050426,8330985714285714.0,4380180228571428.5,35.0
20050427,22976982450106384.0,12667505936170212.0,94.0
20050428,8668724195652174.0,4890929413043478.0,46.0
20050429,11114955333333334.0,3208287066666666.5,75.0
20050430,4750160363636364.0,759687454545454.5,44.0
20050501,9229874960000000.0,-761654260000000.0,50.0
20050502,7096061623188406.0,3219530462318840.5,69.0
20050503,11727058314583334.0,4574421000000000.0,48.0
20050504,6721219096703297.0,3061199971428571.5,91.0
20050505,3296638136956521.5,-893228586956521.75,46.0
20050506,8111418359550562.0,5572074943820225.0,89.0
20050507,2905753672222222.0,1815039030555555.5,36.0
20050508,6627995650000000.0,3797606287096774.0,62.0
20050509,7362821561016949.0,2258431677966101.5,59.0
20050510,9780564347826086.0,4496013978260869.5,46.0
20050511,7175404951219512.0,3090101556097561.0,82.0
20050512,12892980151515152.0,162166193030303.03,33.0
20050513,11024278526315790.0,5396696254736842.0,95.0
20050514,6099872023255814.0,727602651162790.75,43.0
20050515,5179538277777778.0,2037304822222222.2,72.0
20050516,10446313255813954.0,5507482458139535.0,43.0
20050517,8002417240000000.0,3259395058000000.0,50.0
20050518,5845300461194030.0,437448741791044.75,67.0
20050519,10288846355555556.0,2731223866666666.5,45.0
20050520,5287153570652174.0,1908486189130434.8,92.0
20050521,10026464660000000.0,1990813058000000.0,50.0
20050522,8233885110112360.0,2933515322471910.0,89.0
20050523,4405295680000000.0,-1112914742857142.9,35.0
20050524,11017962938709678.0,1005684387096774.2,62.0
20050525,10514343186440678.0,3774205728813559.5,59.0
20050526,8453499148936170.0,2748332387234042.5,47.0
20050527,5231663481481481.0,1077635297530864.2,81.0
20050528,6968476468750000.0,-433738790625000.0,32.0
20050529,17548529905263158.0,6229516252631579.0,95.0
20050530,9799803177777778.0,4855202200000000.0,45.0
20050531,7950289160526316.0,2939070186842105.5,76.0
20050601,4464104746666666.5,371846333333333.31,45.0
20050602,4506396784000000.0,-392210240000000.0,50.0
20050603,7859088641791045.0,2361920014925373.0,67.0
20050604,7600103604166667.0,-2576695875000000.0,48.0
20050605,9122616307692308.0,2223606263736263.8,91.0
20050606,7093213260000000.0,2509566328000000.0,50.0
20050607,7856037726179775.0,2239265601966292.2,89.0
20050608,6140847611111111.0,-64488761111111.109,36.0
20050609,12402113645161290.0,5176927112903226.0,62.0
20050610,8744315137931034.0,2336162362068965.5,58.0
20050611,18467869000000000.0,3416044000000000.0,45.0
20050612,7354024524390244.0,889793121951219.5,82.0
20050613,15843057575757576.0,3690276363636363.5,33.0
20050614,9012786730107526.0,3001077190322580.5,93.0
20050615,9111649177777778.0,1224009544444444.5,45.0
20050616,7581699368421053.0,2225267039473684.2,76.0
20050617,6999575781818182.0,-54442045454545.453,44.0
20050618,5969724937500000.0,-24353243750000.0,48.0
20050619,7245586272727273.0,845319378787878.75,66.0
20050620,5137705520833333.0,-174351770833333.34,48.0
20050621,8007108254838710.0,872298419354838.75,93.0
20050622,13235195132075472.0,7504209609433962.0,53.0
20050623,5540523556818182.0,2696336053409091.0,88.0
20050624,8593509142857143.0,4511633714285714.0,35.0
20050625,4351252467741935.5,1345641041935483.8,62.0
20050626,5744423271186441.0,2264438779661017.0,59.0
20050627,4614858355555556.0,1470940404444444.5,45.0
20050628,9636226146428572.0,6116696404761905.0,84.0
20050629,20226422878787880.0,4470391303030303.0,33.0
20050630,12801442849462366.0,-1853543476881720.5,93.0
20050701,10354125531914894.0,3888719574468085.0,47.0
20050702,7040249436538462.0,1052922806025641.0,78.0
20050703,5325577939534884.0,-875960395348837.25,43.0
20050704,5862945571428571.0,1225741273469387.8,49.0
20050705,5691742908695652.0,-89471511884057.969,69.0
20050706,5286934581666667.0,-974108437500000.0,48.0
20050707,9057506659340660.0,4475782765934066.0,91.0
20050708,21271267188679244.0,8413236867924528.0,53.0
20050709,7423124881176471.0,3316043388235294.0,85.0
20050710,10518641751351352.0,5608851027027027.0,37.0
20050711,6809621661290323.0,2477123483870967.5,62.0
20050712,15091150862068966.0,161852706896551.72,58.0
20050713,1264091272727272.8,-6185084888636364.0,44.0
20050714,3551010793975903.5,-1774330927710843.2,83.0
20050715,4869433482352941.0,-2112044352941176.5,34.0
20050716,9368626055319148.0,4269394886170213.0,94.0
20050717,6391790488888889.0,1168676957777777.8,45.0
20050718,1563736322368421.0,-3427044707894737.0,76.0
20050719,3877445357142857.0,-484705809523809.5,42.0
20050720,5377069180000000.0,1332124300000000.0,50.0
20050721,7472603685714286.0,4286188405714285.5,70.0
20050722,6766533946530612.0,2749499538816326.5,49.0
20050723,3287308186813187.0,-728467219780219.75,91.0
20050724,7963106377358491.0,2823019981132075.5,53.0
20050725,6804145160919540.0,3329111333333333.5,87.0
20050726,9821738555555556.0,4702015972222222.0,36.0
20050727,4764624496875000.0,1231619812500000.0,64.0
20050728,6027910322033898.0,1271635745762711.8,59.0
20050729,8452937369565217.0,3123662673913043.5,46.0
20050730,4361581392857143.0,-1259925052380952.5,84.0
20050731,5833723705882353.0,867730179411764.75,34.0
20050801,16228716914893618.0,3513570428723404.5,94.0
20050802,6469226047826087.0,1424435486956521.8,46.0
20050803,10681074687012988.0,4860239987012987.0,77.0
20050804,6704438441860465.0,-314748372093023.25,43.0
20050805,3537209180000000.0,980110010000000.0,50.0
20050806,6384433681159420.0,2550772294202898.5,69.0
20050807,5959642872340426.0,1511840595744680.8,47.0
20050808,6292739684782609.0,2028540577173913.0,92.0
20050809,17025403826086956.0,11250609986430434.0,46.0
20050810,5408757989411765.0,322304011764705.88,85.0
20050811,9204002055555556.0,4106466361111111.0,36.0
20050812,6925444285714286.0,1875148317460317.5,63.0
20050813,4720460934482759.0,-976137987931034.5,58.0
20050814,8448781234042553.0,2152644702127659.5,47.0
20050815,12163814894736842.0,5943146065789474.0,76.0
20050816,5606059608571429.0,1818709577142857.2,35.0
20050817,5408315926315789.0,268524536842105.25,95.0
20050818,5944613204545455.0,201576772727272.72,44.0
20050819,13733550934210526.0,-2867332776315789.5,76.0
20050820,11877880090909090.0,7018546704545455.0,44.0
20050821,5228213031200000.0,-292308272800000.0,50.0
20050822,6859186420147059.0,3002910984308823.5,68.0
20050823,9281377021276596.0,4640747212765957.0,47.0
20050824,5887233666666667.0,2447291874193548.5,93.0
20050825,1917842342857142.8,-1302245540000000.0,35.0
20050826,9081148806818182.0,4653062680681818.0,88.0
20050827,3652778547058823.5,-884148470588235.25,34.0
20050828,4883222656250000.0,906683171875000.0,64.0
20050829,4548215094736842.0,93936368421052.625,57.0
20050830,23084328733333332.0,9496936124444444.0,45.0
20050831,11191197400000000.0,6364835061250000.0,80.0
20050901,4951777500000000.0,1869918091176470.5,34.0
20050902,19182443602150536.0,5147665236559140.0,93.0
20050903,14161150454545454.0,-1413848795454545.5,44.0
20050904,6054302467532468.0,1390818653246753.2,77.0
20050905,2661636384772727.5,-116936636363636.36,44.0
20050906,4913999208000000.0,540057750000000.0,50.0
20050907,8202607115942029.0,3255288482855072.5,69.0
20050908,6089364285714286.0,351907510204081.62,49.0
20050909,11488056481318682.0,4236420609362637.5,91.0
20050910,25265256326530612.0,15029782061224490.0,49.0
20050911,9033292627906976.0,1785006452325581.5,86.0
20050912,4815583529411765.0,341751761764705.88,34.0
20050913,10922208312500000.0,3077462156250000.0,64.0
20050914,3310880894642857.0,-1965736678571428.5,56.0
20050915,6101619702127660.0,213479978723404.25,47.0
20050916,16561691792592592.0,1976963267901234.5,81.0
20050917,4753991885714286.0,-738533640000000.0,35.0
20050918,7464425580645161.0,1813377574193548.5,93.0
20050919,9558054442857142.0,3238045297619047.5,42.0
20050920,9265462306666666.0,4052402558666666.5,75.0
20050921,4393033704545454.5,1260529636363636.2,44.0
20050922,5720289280000000.0,1376424720000000.0,50.0
20050923,9243539985074626.0,3302688426865671.5,67.0
20050924,8141767963829787.0,4163721572340425.5,47.0
20050925,10198808548387096.0,5736431843010753.0,93.0
20050926,14851855720000000.0,1560861900000000.0,50.0
20050927,7032162558888889.0,3031230833333333.5,90.0
20050928,6009280277777778.0,2974720750000000.0,36.0
20050929,3542462176562500.0,-2680049234375000.0,64.0
20050930,5550126607142857.0,1038164937500000.0,56.0
20051001,8335919956521739.0,4535981347826087.0,46.0
20051002,8366247768292683.0,4148041262195122.0,82.0
20051003,7662187228382353.0,3905970647058823.5,34.0
20051004,12631622968421052.0,-20739187368421.051,95.0
20051005,44928707234042552.0,30744575427659576.0,47.0
20051006,5674046480519481.0,28102558441558.441,77.0
20051007,11144704441860466.0,1029437046511627.9,43.0
20051008,3441772244897959.0,-4975835224489796.0,49.0
20051009,3303004515151515.0,627738984848484.88,66.0
20051010,6462296234042553.0,3401192089361702.0,47.0
20051011,7904026311827957.0,3185149525806451.5,93.0
20051012,10161523620000000.0,8260369540000000.0,50.0
20051013,8747710966292135.0,3726210887640449.5,89.0
20051014,8828882700000000.0,1861254771428571.5,35.0
20051015,8153544769230769.0,6273660107692308.0,65.0
20051016,10111262160714286.0,3998399125000000.0,56.0
20051017,5564378404255319.0,1227733872340425.5,47.0
20051018,7722094860493827.0,2193390802469135.8,81.0
20051019,18180894735294116.0,6905405911764706.0,34.0
20051020,5704489924731183.0,2860462115053763.5,93.0
20051021,10754866148888888.0,3135588466666666.5,45.0
20051022,17468436186486486.0,10146087466216216.0,74.0
20051023,4173883888888889.0,-55129177777777.781,45.0
20051024,13024675660000000.0,-157060998000000.0,50.0
20051025,21817277455882352.0,11922386647058824.0,68.0
20051026,19605051531914892.0,10833051702127660.0,47.0
20051027,8898807135869565.0,2974573804347826.0,92.0
20051028,7417715023913043.0,3385472823913043.5,46.0
20051029,14724406162790698.0,933820500000000.0,86.0
20051030,24340299729729728.0,10156292891891892.0,37.0
20051031,13217614545454546.0,6648016187878788.0,66.0
20051101,7525642642857143.0,4587410625000000.0,56.0
20051102,9254321536363636.0,5869338500000000.0,44.0
20051103,14161218981012658.0,5506528746835443.0,79.0
20051104,16068032885714286.0,7957918628571429.0,35.0
20051105,8448205265957447.0,1086948262659574.5,94.0
20051106,3865436818181818.0,1202329781818181.8,44.0
20051107,8569097840000000.0,7114716493333333.0,75.0
20051108,4831478511111111.0,1494751773333333.2,45.0
20051109,7329327829411765.0,3788900607843137.5,51.0
20051110,33059639707692308.0,19006013527692308.0,65.0
20051111,3288940085106383.0,-1655330302127659.5,47.0
20051112,8109073684782609.0,1957604282608695.8,92.0
20051113,9432901809523810.0,5968144666666667.0,42.0
20051114,10157220670000000.0,4066752540000000.0,90.0
20051115,13138010540540540.0,5477522702702703.0,37.0
20051116,3666042168656716.5,2042567532835821.0,67.0
20051117,4397865464285714.5,748843075535714.25,56.0
20051118,8807923755555556.0,4664205104000000.0,45.0
20051119,10286035329268292.0,5530961351219512.0,82.0
20051120,7416547060606061.0,7302225454545455.0,33.0
20051121,4429662201075269.0,1819574376344086.0,93.0
20051122,19938700309523808.0,15176206904761904.0,42.0
20051123,5911253569444444.0,4641880827777778.0,72.0
20051124,4585343495555556.0,3445737711111111.0,45.0
20051125,6509163692307692.0,2429250961538461.5,52.0
20051126,8332153590909091.0,2664245221212121.0,66.0
20051127,12016042291666666.0,9462239958333334.0,48.0
20051128,10186146994565218.0,3916436739130435.0,92.0
20051129,16888401951219512.0,7572465707317073.0,41.0
20051130,15323031786516854.0,12836444235955056.0,89.0
20051201,15106862444444444.0,9564290250000000.0,36.0
20051202,15275282746268656.0,5567014091044776.0,67.0
20051203,5019309035087719.0,1886286017543859.8,57.0
20051204,7699019130434783.0,3604102567391304.5,46.0
20051205,8678777171951220.0,2756898692682927.0,82.0
20051206,20844620303030304.0,7909097787878788.0,33.0
20051207,21693840315789472.0,7028436105263158.0,95.0
20051208,5070666727272727.0,826485240909090.88,44.0
20051209,6943621973684211.0,2266666502105263.0,76.0
20051210,7276156195652174.0,3833827956521739.0,46.0
20051211,5728912580000000.0,4099781432000000.0,50.0
20051212,6609471753623188.0,2415745579710145.0,69.0
20051213,9603307444444444.0,7689551044444444.0,45.0
20051214,7498158107526882.0,2799129100000000.0,93.0
20051215,6928461200000000.0,4196838900000000.0,50.0
20051216,17743876678160920.0,6697780540229885.0,87.0
20051217,5824722145714286.0,-2062848285714285.8,35.0
20051218,7111350250000000.0,2794484843750000.0,64.0
20051219,8486498965517241.0,3768628167241379.5,58.0
20051220,9539122826086956.0,4918967021739130.0,46.0
20051221,12156549135802470.0,8102919913580247.0,81.0
20051222,16887379722222222.0,10924918666666666.0,36.0
20051223,14738193191489362.0,10126488744680852.0,94.0
20051224,20424255869565216.0,5060778369565217.0,46.0
20051225,6513341164102564.0,4346614612820513.0,78.0
20051226,6764461886363636.0,4260674454545454.5,44.0
20051227,8793035367346939.0,5770710736734694.0,49.0
20051228,19613728057971016.0,9274682063768116.0,69.0
20051229,9652374916666666.0,7119475475041667.0,48.0
20051230,11931799750879120.0,10308971516483516.0,91.0
20051231,6036299653846154.0,3542913357692307.5,52.0
20060101,16979134367816092.0,13896156528735632.0,87.0
20060102,7313946578947368.0,7055422105263158.0,38.0
20060103,10243865161290322.0,6805906225806452.0,62.0
20060104,6931484464285714.0,5374825982142857.0,56.0
20060105,6055403139534884.0,5317250441860465.0,43.0
20060106,11928953641176470.0,4690384082352941.0,85.0
20060107,12079993888888888.0,9099116388888888.0,36.0
20060108,13449165157894736.0,7101321127368421.0,95.0
20060109,8875599545454545.0,6215639727272727.0,44.0
20060110,12191007025316456.0,9371648075949368.0,79.0
20060111,18268763181818180.0,11375244772727272.0,44.0
20060112,13334667380000000.0,11915010220000000.0,50.0
20060113,5685354700000000.0,6211977257142857.0,70.0
20060114,9942334870833334.0,8674303187500000.0,48.0
20060115,11336585054945054.0,6746789659340659.0,91.0
20060116,53780952600000000.0,19928022840000000.0,50.0
20060117,26642956903614456.0,13217886421686746.0,83.0
20060118,25387147027027028.0,12960780689189190.0,37.0
20060119,8602431541935484.0,5383978548387097.0,62.0
20060120,6054347954237288.0,4944278294915254.0,59.0
20060121,8595242931818182.0,4682573922727273.0,44.0
20060122,12718114084337350.0,9978595334939760.0,83.0
20060123,16733330857142858.0,9700939428571428.0,35.0
20060124,8517429270833333.0,8597480729166667.0,96.0
20060125,7361973913043478.0,5988245152173913.0,46.0
20060126,15260660312987012.0,11317692142857142.0,77.0
20060127,30236082977272728.0,22731506772727272.0,44.0
20060128,11443001020408164.0,7313260571428571.0,49.0
20060129,9156431494202898.0,4109164260869565.0,69.0
20060130,8423986600000000.0,4794631298000000.0,50.0
20060131,11461399456521740.0,8512749651086957.0,92.0
20060201,11113229261538462.0,8516090942307692.0,52.0
20060202,25040807337078652.0,22687711685393260.0,89.0
20060203,7905289684210526.0,7357358315789474.0,38.0
20060204,5744936612903226.0,4633395806451613.0,62.0
20060205,6088030067796610.0,894550084745762.75,59.0
20060206,14918634895652174.0,10227403434782608.0,46.0
20060207,7517318719512195.0,4518982430487805.0,82.0
20060208,3463743030303030.5,-140357303030303.03,33.0
20060209,28111925638297872.0,10821517053191490.0,94.0
20060210,3777688333333333.5,1783836111111111.0,45.0
20060211,7288627802631579.0,5828854592105263.0,76.0
20060212,11729758465116280.0,8880967534883721.0,43.0
20060213,11453812360000000.0,9958590400000000.0,50.0
20060214,7112503954545455.0,5276519181818182.0,66.0
20060215,9792499979591836.0,8156610102040816.0,49.0
20060216,27843627666666668.0,11941351655555556.0,90.0
20060217,10929010020000000.0,8157713194000000.0,50.0
20060218,27703434767441860.0,22244132495348836.0,86.0
20060219,14781445000000000.0,12688950000000000.0,34.0
20060220,5423036714285714.0,5619680952380952.0,63.0
20060221,5444803793103448.0,3884352948275862.0,58.0
20060222,9879422804347826.0,7499582630434783.0,46.0
20060223,7307529461538462.0,5060704884615385.0,78.0
20060224,6116068288235294.0,2299284500000000.0,34.0
20060225,14715002765957446.0,10381421436170212.0,94.0
20060226,32979436444444444.0,25587497782222224.0,45.0
20060227,5241825504459459.0,4306386621621621.5,74.0
20060228,nan,nan,0
20060301,nan,nan,0
20060302,nan,nan,0
20060303,8240608125000000.0,-889113833333333.38,48.0
20060304,6843258270769231.0,1320069450549450.5,91.0
20060305,5383280425531915.0,456032404255319.12,47.0
20060306,11611072449438202.0,7136805215730337.0,89.0
20060307,8965563583333333.0,4985668416666667.0,36.0
20060308,10852265421875000.0,7242117720312500.0,64.0
20060309,10716117315789474.0,8422318736842105.0,57.0
20060310,11172157328260870.0,9377556391304348.0,46.0
20060311,10904778557831326.0,7523929915662651.0,83.0
20060312,12335870303030304.0,8373456333333333.0,33.0
20060313,27217809351063828.0,8394025106382979.0,94.0
20060314,11576575068181818.0,10744401568181818.0,44.0
20060315,26073946837837836.0,10833068048648648.0,74.0
20060316,15710421883720930.0,-956726139534883.75,43.0
20060317,7952483183673469.0,5208569451836735.0,49.0
20060318,6919129351562500.0,5073432437500000.0,64.0
20060319,7129450791666667.0,5099523814166667.0,48.0
20060320,4716681183333333.0,3182469877777778.0,90.0
20060321,14477613369565218.0,12314063043478260.0,46.0
20060322,10495612913333334.0,4442071154444444.5,90.0
20060323,5725627911764706.0,5280026235294118.0,34.0
20060324,3997030063492063.5,-54035033333333.336,63.0
20060325,6612022538596491.0,3194452912280702.0,57.0
20060326,9956723956521740.0,7288764891304348.0,46.0
20060327,11272845243037974.0,4669608737974684.0,79.0
20060328,14950724117647058.0,10962323823529412.0,34.0
20060329,13535416967741936.0,9015745000000000.0,93.0
20060330,41460231627906976.0,20203895162790696.0,43.0
20060331,16034279250000000.0,10672362864473684.0,76.0
20060401,8630863844444444.0,1528182844444444.5,45.0
20060402,2607146382352941.0,-2240985997450980.5,51.0
20060403,6308364343283582.0,747869916417910.5,67.0
20060404,7283573744680851.0,-1165286297872340.5,47.0
20060405,10174294474193548.0,2872797405376344.0,93.0
20060406,4998689659574468.0,-2072330436170212.8,47.0
20060407,7305953438202247.0,-109817752808988.77,89.0
20060408,8108170179487179.0,3518892743589743.5,39.0
20060409,4978274706060606.0,134819227272727.27,66.0
20060410,9996756785714286.0,4015839678571428.5,56.0
20060411,13469767931818182.0,7326436938636364.0,44.0
20060412,11936782123456790.0,6083695981493827.0,81.0
20060413,29112951176470588.0,1573464035294117.8,34.0
20060414,12130260505376344.0,5427330186021505.0,93.0
20060415,8571973622222222.0,2769269377777778.0,45.0
20060416,7593239805194805.0,1748879372727272.8,77.0
20060417,5238811091304348.0,623288652173913.0,46.0
20060418,14288888269230770.0,1130014826923077.0,52.0
20060419,13467484926470588.0,7950414032352941.0,68.0
20060420,10173131087234042.0,4489221463829787.0,47.0
20060421,9767178412903226.0,3578272795698924.5,93.0
20060422,3472695318181818.0,-3653443068181818.0,44.0
20060423,7437042488636364.0,389354752272727.25,88.0
20060424,8395353825000000.0,4259139685000000.0,40.0
20060425,6683110183823529.0,3905558088235294.0,68.0
20060426,5271036810714286.0,683871889285714.25,56.0
20060427,8852582333333333.0,5470132460000000.0,45.0
20060428,6627262344444444.0,1513858514814814.8,81.0
20060429,21417974117647060.0,11698528232352942.0,34.0
20060430,12808607440860216.0,5626388967741935.0,93.0
20060501,16659121431818182.0,6172556813636364.0,44.0
20060502,11493681613333334.0,4384673980000000.0,75.0
20060503,6986790847826087.0,-3750474823913043.5,46.0
20060504,7564772433962264.0,-439722456603773.56,53.0
20060505,11682856956521740.0,6496791884057971.0,69.0
20060506,12525570391304348.0,5433873217391304.0,46.0
20060507,10544986036956522.0,2143290179456521.8,92.0
20060508,9858086666666666.0,3176822830952381.0,42.0
20060509,7594318526966292.0,2693651833707865.0,89.0
20060510,8154263650000000.0,1574242100000000.0,40.0
20060511,6447682818181818.0,1790259848484848.5,66.0
20060512,8836597545454545.0,3509265150181818.0,55.0
20060513,13655721627906976.0,5891237302325581.0,43.0
20060514,7521117256097561.0,2625089670731707.5,82.0
20060515,9022663314285714.0,4735020971428571.0,35.0
20060516,6702008936170213.0,1765372425531915.0,94.0
20060517,12736386904761904.0,5436869261904762.0,42.0
20060518,9236695144736842.0,2720416896052631.5,76.0
20060519,11218219048888888.0,2901037733333333.5,45.0
20060520,8082782176923077.0,1583184903846153.8,52.0
20060521,7099334911764706.0,1791369632352941.2,68.0
20060522,9638668958333334.0,3713077062500000.0,48.0
20060523,14679688856521740.0,2637970810869565.0,92.0
20060524,8472986581395349.0,2216514883720930.2,43.0
20060525,7873707056179775.0,1363631797752809.0,89.0
20060526,12911235891891892.0,2816299729729729.5,37.0
20060527,7475259836307692.0,2124958260000000.0,65.0
20060528,10806973764912280.0,4654797631578947.0,57.0
20060529,9729255458695652.0,4420615326086956.5,46.0
20060530,11582855725000000.0,5328220212500000.0,80.0
20060531,14133094285714286.0,4668982697142857.0,35.0
20060601,8655495227659574.0,1722621904255319.2,94.0
20060602,17705871136363636.0,6697233522727273.0,44.0
20060603,7470922598630137.0,1952591853013698.8,73.0
20060604,6265583866666667.0,1278782977777777.8,45.0
20060605,9023478520000000.0,2090790466000000.0,50.0
20060606,6092347617391304.0,431553811594202.88,69.0
20060607,7571566195652174.0,2592166197630435.0,46.0
20060608,7414123000000000.0,2389748172043011.0,93.0
20060609,21612690444444444.0,12069537066666666.0,45.0
20060610,15685901142696630.0,4952199988202247.0,89.0
20060611,6450412969696970.0,-2509405666666666.5,33.0
20060612,6487860820312500.0,-149062920312500.0,64.0
20060613,8224730877192982.0,1610467912280701.8,57.0
20060614,9027564586956522.0,903208630434782.62,46.0
20060615,8261498723170732.0,959634368829268.25,82.0
20060616,5732938787878788.0,-126699632727272.73,33.0
20060617,13472494861702128.0,5913539519148936.0,94.0
20060618,9536150173913044.0,4042374891304348.0,46.0
20060619,4182506500000000.0,-187967717105263.16,76.0
20060620,7122166954318182.0,2046870063636363.8,44.0
20060621,8742884448979592.0,4344797653061224.5,49.0
20060622,9107701852941176.0,3419969544117647.0,68.0
20060623,14561351373469388.0,1739055224489796.0,49.0
20060624,6427129947252747.0,247979577032967.03,91.0
20060625,7822816686274510.0,1547950392156862.8,51.0
20060626,8406924710112360.0,3754680355056180.0,89.0
20060627,6807771837837838.0,-372225135135135.12,37.0
20060628,6962621387096774.0,2296492241935484.0,62.0
20060629,8085575689655172.0,2958103775862069.0,58.0
20060630,14368570000000000.0,2068889954545454.5,44.0
20060701,5074889901234568.0,-271530395061728.41,81.0
20060702,14504406944444444.0,6934215833333333.0,36.0
20060703,6366223503225806.0,626124860215053.75,93.0
20060704,5947007666666667.0,1370980907111111.0,45.0
20060705,nan,nan,0.0
20060706,6204822239534884.0,-539694139534883.75,43.0
20060707,8405739100000000.0,1589246880000000.0,50.0
20060708,5740927478260870.0,-877173188405797.12,69.0
20060709,9373823170212766.0,2161241980851063.8,47.0
20060710,7797630786813187.0,1589954518681318.8,91.0
20060711,11142191562500000.0,2456199835416666.5,48.0
20060712,9627452943820224.0,3666532978651685.5,89.0
20060713,6402577941176471.0,200137529411764.72,34.0
20060714,7506114338709677.0,3668278346774193.5,62.0
20060715,13975915474576272.0,-928636711864406.75,59.0
20060716,8956366957446809.0,1709614531914893.5,47.0
20060717,7458307837500000.0,1014478062500000.0,80.0
20060718,2733282666666666.5,-2331914921212121.0,33.0
20060719,7165770278494624.0,-341024903225806.44,93.0
20060720,9402184068181818.0,4609515227272727.0,44.0
20060721,6617327705128205.0,2485800393589743.5,78.0
20060722,3490717363636363.5,-2343906681818182.0,44.0
20060723,15322622392156862.0,7929215470588235.0,51.0
20060724,13892049379710144.0,6623067144927536.0,69.0
20060725,5684796847826087.0,-557767378260869.56,46.0
20060726,10572978742391304.0,2924654804347826.0,92.0
20060727,4370613136363636.5,-1240468845454545.5,44.0
20060728,8926163011235955.0,3352991239325842.5,89.0
20060729,6838168657142857.0,832090600000000.0,35.0
20060730,4332973890625000.0,-253652298750000.0,64.0
20060731,7398199186440678.0,2347795491525423.5,59.0
20060801,8944327311111111.0,1777412762222222.2,45.0
20060802,9486629937500000.0,-694142587500000.0,80.0
20060803,8673438457142857.0,1449974140000000.0,35.0
20060804,8421428705319149.0,2864704212765957.5,94.0
20060805,6051394500000000.0,1726332581818181.8,44.0
20060806,5181745973684211.0,2858331447368421.0,76.0
20060807,4405289704545454.5,543597618181818.19,44.0
20060808,5981165367346939.0,-127201693877551.02,49.0
20060809,3770048243478261.0,-721096956521739.12,69.0
20060810,9062988625000000.0,4527765541666667.0,48.0
20060811,4848550333333333.0,-251438272043010.75,93.0
20060812,3774874604651163.0,-960348790697674.38,43.0
20060813,9029754877777778.0,3045672770000000.0,90.0
20060814,8276645000000000.0,2116651394736842.0,38.0
20060815,7287268462686567.0,2647084195522388.0,67.0
20060816,5984051824561404.0,2651683207017544.0,57.0
20060817,12126435931818182.0,7286921681818182.0,44.0
20060818,4398024097560975.5,1283179800000000.0,82.0
20060819,6895209342857143.0,3014562800000000.0,35.0
20060820,18832671382978724.0,10461409942553192.0,94.0
20060821,8162489500000000.0,4917884586956522.0,46.0
20060822,7623381246753247.0,4322441462337662.5,77.0
20060823,4655470531111111.0,-19159575555555.555,45.0
20060824,15785682235294118.0,5078921666666667.0,51.0
20060825,11206638023529412.0,6992528694117647.0,68.0
20060826,2724517319148936.0,-218432553191489.38,47.0
20060827,10804040641304348.0,2127626152173913.0,92.0
20060828,3438527180952381.0,241217428571428.56,42.0
20060829,6637714558651685.0,4055061449438202.0,89.0
20060830,5941673075000000.0,3755292375000000.0,40.0
20060831,5460802012121212.0,1451100586363636.2,66.0
20060901,7391833928571429.0,3309658349821428.5,56.0
20060902,12769640431818182.0,7853462318181818.0,44.0
20060903,16239897456790124.0,7341963638271605.0,81.0
20060904,6643769371428571.0,1795940228571428.5,35.0
20060905,5827609430851064.0,414367318297872.31,94.0
20060906,14089473441860466.0,4597213465116279.0,43.0
20060907,5918486789473684.0,986840021052631.62,76.0
20060908,3492364069767442.0,-47430069767441.859,43.0
20060909,7171729603773585.0,1958506529433962.2,53.0
20060910,6928218558823529.0,3295933117647059.0,68.0
20060911,3230751213953488.5,689333627906976.75,43.0
20060912,3699771660326087.0,288401914130434.81,92.0
20060913,2274313750000000.0,-1120172840909090.9,44.0
20060914,13232244114942528.0,6688886149425287.0,87.0
20060915,8471470500000000.0,3751601645000000.0,40.0
20060916,4959897193846154.0,358161169230769.25,65.0
20060917,3939155907407407.5,-2364865222222222.0,54.0
20060918,11941755581395348.0,7375721069767442.0,43.0
20060919,9043235312195122.0,4576221512195122.0,82.0
20060920,4922885189189189.0,-542353594594594.62,37.0
20060921,21855322053191488.0,-5111052797872340.0,94.0
20060922,7540803571428571.0,1488496616666666.8,42.0
20060923,5373141550000000.0,-64945641025641.023,78.0
20060924,12826802533333334.0,4074333511111111.0,45.0
20060925,2546471025000000.0,-3223732800000000.0,52.0
20060926,6505063272463768.0,1989922928985507.2,69.0
20060927,8799000977777778.0,3435413848888889.0,45.0
20060928,6035255433333333.0,-517705573333333.31,90.0
20060929,5742182906976744.0,-1850988627906976.8,43.0
20060930,8333636079545455.0,1066043227272727.2,88.0
20061001,4710738197560976.0,-415266317073170.75,41.0
20061002,8775477772727273.0,4321735540325757.5,66.0
20061003,6971636718333333.0,3930511425925926.0,54.0
20061004,6997333477272727.0,3477241363636363.5,44.0
20061005,9155989686250000.0,6473310312500000.0,80.0
20061006,4463595513513513.5,2071428243243243.2,37.0
20061007,8139968478723404.0,4465015273404255.5,94.0
20061008,11619255318181818.0,8743137477272727.0,44.0
20061009,4241985709090909.0,682251584415584.38,77.0
20061010,6169788554666667.0,2637443444444444.5,45.0
20061011,5537665916981132.0,1371987524528302.0,53.0
20061012,8690847388059701.0,4493758298507462.5,67.0
20061013,11779042543478260.0,7498772676086957.0,46.0
20061014,15911841208791208.0,7320244614175824.0,91.0
20061015,10876345008695652.0,7945491760869565.0,46.0
20061016,3774945812045454.5,1569466793181818.2,88.0
20061017,12303652500000000.0,4356443975000000.0,40.0
20061018,6707744257575758.0,-5854191803030303.0,66.0
20061019,7547146890909091.0,4275908802545454.5,55.0
20061020,8488931750000000.0,-4494516136363636.5,44.0
20061021,5384971144578313.0,1533158578313253.0,83.0
20061022,7940718000000000.0,5486954470588235.0,34.0
20061023,19079822234042552.0,8074467414893617.0,94.0
20061024,8462477209090909.0,5341042631818182.0,44.0
20061025,19170458450704224.0,3176920450704225.5,71.0
20061026,4685618886363636.0,3058927250000000.0,44.0
20061027,11467278049019608.0,3741925529411764.5,51.0
20061028,8563136134328358.0,2672135273134328.5,67.0
20061029,6038376840425532.0,2552009574468085.0,47.0
20061030,12379620162222222.0,4683020068888889.0,90.0
20061031,14170058020833334.0,8132760770833333.0,48.0
20061101,15286043000000000.0,10639765745977012.0,87.0
20061102,23392780857142856.0,13582527085714286.0,35.0
20061103,9123743692307692.0,7075117924615385.0,65.0
20061104,15436028824561404.0,8165758947368421.0,57.0
20061105,4527902942553191.0,3528678534042553.0,47.0
20061106,5655203222222222.0,3558530324691358.0,81.0
20061107,9999319696969696.0,8245878090909091.0,33.0
20061108,5120355764408602.0,1767544774193548.5,93.0
20061109,6494972511111111.0,5665273933333333.0,45.0
20061110,19955705355263156.0,10147684671052632.0,76.0
20061111,6499132931818182.0,5345218477272727.0,44.0
20061112,14099488836734694.0,3868478510204081.5,49.0
20061113,8252020161764706.0,3163133000000000.0,68.0
20061114,3434687451020408.0,-1126595306122449.0,49.0
20061115,17569382053763440.0,6754678777419355.0,93.0
20061116,6241931163265306.0,1805051142857142.8,49.0
20061117,6586556977528090.0,1309510506067415.8,89.0
20061118,8441307142857143.0,3864257445142857.0,35.0
20061119,18571455419354840.0,8703828258064516.0,62.0
20061120,17513764965517242.0,6566746551724138.0,58.0
20061121,18815922826086956.0,9744768739130434.0,46.0
20061122,23261755060240964.0,9439650912048192.0,83.0
20061123,13719385303030304.0,6167425454545455.0,33.0
20061124,12489319894736842.0,4858932557894737.0,95.0
20061125,13885193043478260.0,9733086956521740.0,46.0
20061126,12679498805128206.0,6409935935897436.0,78.0
20061127,4789575372093023.0,1959246488372093.0,43.0
20061128,17038715586000000.0,6787819420000000.0,50.0
20061129,10380321044117648.0,6938086117647059.0,68.0
20061130,3316643720000000.0,-11489399080000000.0,50.0
20061201,24427001945652172.0,17908576130434782.0,92.0
20061202,15439165217391304.0,9502417804347826.0,46.0
20061203,7224021941176471.0,5261639870588235.0,85.0
20061204,8228355945945946.0,6367727270270270.0,37.0
20061205,6846908532258065.0,4077065564516129.0,62.0
20061206,9411104655172414.0,3352042603448276.0,58.0
20061207,10798912863636364.0,6409893750000000.0,44.0
20061208,14049025154761904.0,9901733976190476.0,84.0
20061209,9526023857142858.0,8170348000000000.0,35.0
20061210,12979698085106382.0,8207883463829787.0,94.0
20061211,31997855957446808.0,26226764893617020.0,47.0
20061212,5050733101265823.0,5030429670886076.0,79.0
20061213,9234089302325582.0,3018164860465116.5,43.0
20061214,34518681224489796.0,11320699193877552.0,49.0
20061215,9193564057971014.0,5510684300000000.0,69.0
20061216,4455068220000000.0,3591855560000000.0,50.0
20061217,8465688963333333.0,4079395144444444.5,90.0
20061218,6083820634615385.0,2661849291923077.0,52.0
20061219,9910184582954546.0,7892736420454545.0,88.0
20061220,10627089729729730.0,7707407837837838.0,37.0
20061221,10233789580645162.0,7867661725806452.0,62.0
20061222,8989884389830508.0,4007586598305084.5,59.0
20061223,17000824651162790.0,10841597906976744.0,43.0
20061224,14580486353658536.0,10615229073170732.0,82.0
20061225,3039881885714285.5,-464774045714285.69,35.0
20061226,16541255687500000.0,6377859322916667.0,96.0
20061227,7040620282608696.0,3504978608695652.0,46.0
20061228,11725818089743590.0,7670021435897436.0,78.0
20061229,14109752727272728.0,5995559454545455.0,44.0
20061230,12920544972000000.0,5691708560000000.0,50.0
20061231,12891621530303030.0,6458007212121212.0,66.0
20070101,5102623583333333.0,1367934166666666.8,48.0
20070102,7389707184615385.0,5747402835164835.0,91.0
20070103,12022575928571428.0,9735971836734694.0,49.0
20070104,8894602477011494.0,8773260321839080.0,87.0
20070105,6398850000000000.0,3706265834285714.5,35.0
20070106,15394497415384616.0,8676443030769231.0,65.0
20070107,23508506191525424.0,10224170615254238.0,59.0
20070108,7278745000000000.0,5644438365581395.0,43.0
20070109,9404549452380952.0,4191148563809524.0,84.0
20070110,8141553971428571.0,5151367885714286.0,35.0
20070111,19405984408602152.0,14119647569892474.0,93.0
20070112,33351262765957448.0,23130641914893616.0,47.0
20070113,3605813594666666.5,-555112946666666.69,75.0
20070114,5941566386363636.0,1829092318181818.2,44.0
20070115,7777328700000000.0,3709193220000000.0,50.0
20070116,9579612318840580.0,4663510695652174.0,69.0
20070117,14940346326530612.0,-82617346938775.516,49.0
20070118,23414168186813188.0,15374120736263736.0,91.0
20070119,13107912750000000.0,9275653230769230.0,52.0
20070120,19937428977272728.0,16503186159090910.0,88.0
20070121,31156186388888888.0,20664316388888888.0,36.0
20070122,13360887890625000.0,9316108890625000.0,64.0
20070123,14498899482758620.0,7573980362068966.0,58.0
20070124,13872113913043478.0,12613728369565218.0,46.0
20070125,9900952475609756.0,8152305762195122.0,82.0
20070126,7364947231428571.0,4456536274285714.5,35.0
20070127,14597030736842106.0,5736939515789474.0,95.0
20070128,4346199750000000.0,-444720022727272.75,44.0
20070129,9204395102564102.0,4656703620512821.0,78.0
20070130,10162624933333334.0,6333711146666667.0,45.0
20070131,9166356780000000.0,8795973420000000.0,50.0
20070201,6244494323529412.0,5166901073529412.0,68.0
20070202,11102592851063830.0,7876667085106383.0,47.0
20070203,28185167204301076.0,16560923482795698.0,93.0
20070204,11494345128000000.0,9269359902000000.0,50.0
20070205,12413019438202248.0,8379903058426966.0,89.0
20070206,6405597500000000.0,6072034117647059.0,34.0
20070207,2725595555555555.5,-8000220492063492.0,63.0
20070208,5492003844827586.0,3787334000000000.0,58.0
20070209,8430096043478261.0,5281263100000000.0,46.0
20070210,15346657000000000.0,3392116620253164.5,79.0
20070211,32585786176470588.0,23479935882352940.0,34.0
20070212,5983964180851064.0,2974367068085106.5,94.0
20070213,8442965441860465.0,5603696837209302.0,43.0
20070214,7575191567105263.0,3882233197368421.0,76.0
20070215,11952868613636364.0,6746765681818182.0,44.0
20070216,20526767480769232.0,6542225961538462.0,52.0
20070217,11005847785714286.0,8841490708571429.0,70.0
20070218,10926714854166666.0,6262873187500000.0,48.0
20070219,17074610902173914.0,10906356423913044.0,92.0
20070220,8120343916666667.0,4252373812500000.0,48.0
20070221,8333236977528090.0,3814720004831460.5,89.0
20070222,7905941378378378.0,-4470611405405405.5,37.0
20070223,-19613826985074628.0,-27121815298507464.0,67.0
20070224,32497163392857144.0,11681226303571428.0,56.0
20070225,4103214000000000.0,2960896155555555.5,45.0
20070226,11098957608750000.0,7200151862500000.0,80.0
20070227,11384762424242424.0,8483282424242424.0,33.0
20070228,69187351810526312.0,-3672868752631579.0,95.0
20070301,20306950523809524.0,10025742623809524.0,42.0
20070302,9726528610389610.0,6536871209090909.0,77.0
20070303,12973692000000000.0,8916328000000000.0,45.0
20070304,14106542384615384.0,8332062173076923.0,52.0
20070305,20795090144927536.0,9756233144927536.0,69.0
20070306,5090800581395349.0,2963345755813953.5,43.0
20070307,15627719043478260.0,5072849128260870.0,92.0
20070308,38450530078947368.0,28970861605263156.0,38.0
20070309,10478517752808988.0,5337756690786517.0,89.0
20070310,6310093825641026.0,948930948717948.75,39.0
20070311,-3016890368656716.5,-9909661453731344.0,67.0
20070312,5943769894642857.0,1887032209642857.2,56.0
20070313,2513220674418604.5,-79263093023255.812,43.0
20070314,8340023765432099.0,4126560360493827.0,81.0
20070315,10097209729729730.0,3823348918918919.0,37.0
20070316,24831411170212764.0,9300486274468086.0,94.0
20070317,22605885454545456.0,15174379545454546.0,44.0
20070318,6237447693333333.0,4814135653333333.0,75.0
20070319,19451373260869564.0,5494752634782609.0,46.0
20070320,32821797547169812.0,13772954962264150.0,53.0
20070321,24565068544117648.0,10282411852941176.0,68.0
20070322,8811261708333333.0,4741367564791667.0,48.0
20070323,13202387000000000.0,7044631571428571.0,91.0
20070324,39341532558139536.0,26227793325581396.0,43.0
20070325,3609446790804597.5,1205701896551724.2,87.0
20070326,7580618452380952.0,2132472523809523.8,42.0
20070327,7383285040909091.0,3620432519242424.0,66.0
20070328,4313990283333333.5,-1001398994444444.5,54.0
20070329,18595324750000000.0,-4883587272727273.0,44.0
20070330,5235512048780488.0,221463927560975.62,82.0
20070331,4603493937142857.0,840915228571428.62,35.0
20070401,19871931489361704.0,4649086298936170.0,94.0
20070402,9515079886363636.0,4528822334090909.0,44.0
20070403,13597566254545454.0,4375005961038961.0,77.0
20070404,10175522739130434.0,4967666317391304.0,46.0
20070405,10545869433962264.0,7422855849056604.0,53.0
20070406,4077582653030303.0,-438731681818181.81,66.0
20070407,4878826537777778.0,1340390724444444.5,45.0
20070408,4967469016666667.0,351227232444444.44,90.0
20070409,14094383302325582.0,12129691116279070.0,43.0
20070410,10446893100000000.0,3266182523333333.5,90.0
20070411,9079263076923076.0,4924274128205128.0,39.0
20070412,6684703277611940.0,509214423880597.0,67.0
20070413,7251800403508772.0,3328171900000000.0,57.0
20070414,16660477000000000.0,9745928693181818.0,44.0
20070415,9845834637500000.0,941705087500000.0,80.0
20070416,5857105798529412.0,3034643617647059.0,34.0
20070417,8625908036000000.0,3508280907368421.0,95.0
20070418,10959382418604652.0,4616238827906977.0,43.0
20070419,27020543805194804.0,1455515942857142.8,77.0
20070420,12877289826086956.0,6829450913043478.0,46.0
20070421,11074523846153846.0,6062789500000000.0,52.0
20070422,18217712000000000.0,9142321841538462.0,65.0
20070423,12802665106382978.0,5381956914893617.0,47.0
20070424,9526580260869566.0,1366605189130434.8,92.0
20070425,16677991765957446.0,9495369553191490.0,47.0
20070426,9441874820224720.0,4619388359550562.0,89.0
20070427,12071784702702702.0,-4232324902702702.5,37.0
20070428,10123964804615384.0,111358389230769.23,65.0
20070429,12146486035087720.0,5601616017543860.0,57.0
20070430,15232121478260870.0,7722596000000000.0,46.0
20070501,9776256345783132.0,2236356289156626.5,83.0
20070502,13511328676470588.0,-2657511441176470.5,34.0
20070503,20451486378947368.0,7376880094736842.0,95.0
20070504,10779142397674418.0,3193183562790697.5,43.0
20070505,8705801460526316.0,2499645890789473.5,76.0
20070506,10182760909090910.0,2132296727272727.2,44.0
20070507,14986077200000000.0,3144892260000000.0,50.0
20070508,16379077558823530.0,692166088235294.12,68.0
20070509,19790936959183672.0,4024921775510204.0,49.0
20070510,6957595470000000.0,2135004163333333.2,90.0
20070511,5630547522727273.0,-478356522727272.75,44.0
20070512,10386739286666666.0,2560516777777778.0,90.0
20070513,20894254864864864.0,4218088797297297.5,37.0
20070514,8280408292307692.0,1415451507692307.8,65.0
20070515,11204515087719298.0,2137492422807017.5,57.0
20070516,14424727239130434.0,4498773891304348.0,46.0
20070517,18242109624096384.0,6564225686746988.0,83.0
20070518,15954400848484848.0,-6613132393939394.0,33.0
20070519,9919866638297872.0,4472957413829787.0,94.0
20070520,9198897209302326.0,1807149813953488.2,43.0
20070521,10678828120000000.0,3649547056000000.0,75.0
20070522,7416227840909091.0,-674753538636363.62,44.0
20070523,8912353180000000.0,1204384960000000.0,50.0
20070524,8503635852941176.0,821103602941176.5,68.0
20070525,9410233956521740.0,1058458717173913.0,46.0
20070526,8304167329670330.0,748057712087912.12,91.0
20070527,11764280695652174.0,4246764978260869.5,46.0
20070528,18199866842696628.0,3503577696629213.5,89.0
20070529,9976211914285714.0,1690543520000000.0,35.0
20070530,5579456384375000.0,-1302912262500000.0,64.0
20070531,6120879298245614.0,-3189558157894737.0,57.0
20070601,7324555340425532.0,1096398297872340.4,47.0
20070602,6599394607407407.0,479853382716049.38,81.0
20070603,10369525151515152.0,3254131909090909.0,33.0
20070604,13939733765957446.0,3946304851063830.0,94.0
20070605,9797660727272728.0,3290622318181818.0,44.0
20070606,6383771868421053.0,2638247061842105.5,76.0
20070607,8705379961363636.0,4170485363636363.5,44.0
20070608,8412402900000000.0,2401945040000000.0,50.0
20070609,10457780690000000.0,2283249441176470.5,68.0
20070610,4951012340425532.0,420956131914893.62,47.0
20070611,8286569010989011.0,2992408131868132.0,91.0
20070612,6400112020408163.0,-124310877551020.41,49.0
20070613,7210422213483146.0,-49252828089887.641,89.0
20070614,8800605428571429.0,-1695718914285714.2,35.0
20070615,10567834841269842.0,-1162276380952381.0,63.0
20070616,9986857758620690.0,3307892206896551.5,58.0
20070617,3841150286956521.5,-38985826086956.523,46.0
20070618,11352473316455696.0,3546358367088607.5,79.0
20070619,24028404705882352.0,9662831764705882.0,34.0
20070620,8460338107526882.0,2474885903225806.5,93.0
20070621,8489389176444444.0,2680044448888889.0,45.0
20070622,6499836626666667.0,543112286666666.69,75.0
20070623,8158401581395349.0,2570055906976744.0,43.0
20070624,5388446420000000.0,2842908160000000.0,50.0
20070625,6846951588235294.0,2621922014705882.5,68.0
20070626,13859956571428572.0,4782642795918367.0,49.0
20070627,9155736178494624.0,3248891265376344.0,93.0
20070628,13906424000000000.0,4409112584905660.5,53.0
20070629,5701550345011111.0,-530038500000000.0,90.0
20070630,12067494285714286.0,11334689685714286.0,35.0
20070701,5821144467741935.0,-1582377537096774.2,62.0
20070702,6340764337931034.0,309421896551724.12,58.0
20070703,10085552891304348.0,2399912891304348.0,46.0
20070704,5920143925925926.0,-1253365876543210.0,81.0
20070705,13329543457142858.0,3322413108571428.5,35.0
20070706,17891604958510638.0,3878411977659574.5,94.0
20070707,9640328045454546.0,1999027589545454.5,44.0
20070708,11224298594594594.0,2881641162162162.0,74.0
20070709,4417129744186046.5,-85832279069767.438,43.0
20070710,3753462959183673.5,951476632653061.25,49.0
20070711,7001955676470588.0,3909131638235294.0,68.0
20070712,5958692040816327.0,-2024071836734694.0,49.0
20070713,10067974890217392.0,2865971792391304.5,92.0
20070714,5656494391304348.0,948197493478260.88,46.0
20070715,9771003647727272.0,3969921498863636.5,88.0
20070716,10085277459459460.0,9238216324324324.0,37.0
20070717,9570787468750000.0,3705266754687500.0,64.0
20070718,9033378332142858.0,3007187250000000.0,56.0
20070719,8444160319148936.0,4084173872340425.5,47.0
20070720,6267488927710843.0,2925710867469879.5,83.0
20070721,10689330485714286.0,6881913714285714.0,35.0
20070722,5008223260869565.0,988246065217391.25,92.0
20070723,13580601976744186.0,6922301325581395.0,43.0
20070724,13206212631578948.0,5142708368421053.0,76.0
20070725,8883276152173913.0,3402877878260869.5,46.0
20070726,7932886274509804.0,2990686235294117.5,51.0
20070727,7487424434782609.0,83507391304347.828,69.0
20070728,5461007479166667.0,-189840687500000.0,48.0
20070729,11282947384615384.0,3076343648351648.5,91.0
20070730,5133069305128205.0,-831200582051282.0,39.0
20070731,12663079516853932.0,3603163729213483.0,89.0
20070801,11548816842105264.0,9977629526315790.0,38.0
20070802,13656088000000000.0,1093226846153846.1,65.0
20070803,17066517446428572.0,1149154910714285.8,56.0
20070804,8640673935555556.0,2131138844444444.5,45.0
20070805,6228708660493827.0,-915266901234567.88,81.0
20070806,6488362914285714.0,-2682238800000000.0,35.0
20070807,14620952119565218.0,6339898347826087.0,92.0
20070808,9216187468181818.0,4019467113636363.5,44.0
20070809,13604257291250000.0,1938692083333333.2,72.0
20070810,12024781666666666.0,5490914608888889.0,45.0
20070811,8990521730769231.0,4021275480769231.0,52.0
20070812,4754829053731343.0,999223000000000.0,67.0
20070813,6419629434782609.0,3045712934782608.5,46.0
20070814,4094045423913043.5,529730731521739.12,92.0
20070815,10050132274418604.0,5979791958139535.0,43.0
20070816,6939214201123596.0,2969701083146067.5,89.0
20070817,9022765312500000.0,6117509062500000.0,40.0
20070818,7270521276923077.0,1244856724615384.5,65.0
20070819,7101176296363636.0,3886948981818182.0,55.0
20070820,5381949207142857.0,-2029233947619047.5,42.0
20070821,6624469865432099.0,3142149539506173.0,81.0
20070822,8726668736842105.0,5542574911315789.0,38.0
20070823,4356869510638298.0,241338642553191.5,94.0
20070824,9978489227272728.0,5726936659090909.0,44.0
20070825,6719831159740260.0,2431669844155844.0,77.0
20070826,8045274933333333.0,2695721644444444.5,45.0
20070827,6533462301886792.0,573854830188679.25,53.0
20070828,7079077260294118.0,3125320691176470.5,68.0
20070829,7549421995652174.0,3544446369565217.5,46.0
20070830,10740058200000000.0,5155162166666667.0,90.0
20070831,9288501940909090.0,4767953429431818.0,44.0
20070901,7228553325842697.0,2888027449438202.0,89.0
20070902,5883908502380952.0,4104065645238095.0,42.0
20070903,6043729600000000.0,1064056907692307.8,65.0
20070904,4528534166666667.0,943217894444444.5,54.0
20070905,3805218581395349.0,491642041860465.12,43.0
20070906,8103531987804878.0,3760505231707317.0,82.0
20070907,7139024513513514.0,1717148894594594.5,37.0
20070908,15639968126315790.0,2147223410526315.8,95.0
20070909,4991696444444444.0,297279925925925.94,27.0
20070910,12528040371794872.0,3243205461538461.5,78.0
20070911,7430524382222222.0,374329844444444.44,45.0
20070912,7482311018518519.0,1199233712962963.0,54.0
20070913,7036349894202899.0,1503754347826087.0,69.0
20070914,5546491695652174.0,-3234795586956521.5,46.0
20070915,5725461897727273.0,-788275756818181.88,88.0
20070916,5951613285714286.0,-667712747857142.88,42.0
20070917,9270787172727272.0,1586652568181818.2,88.0
20070918,5617800476190476.0,3636110000000000.0,42.0
20070919,6735155718181818.0,114902268181818.19,66.0
20070920,8607040370370370.0,3027914796296296.5,54.0
20070921,7477727093023256.0,3197634813953488.5,43.0
20070922,6337401171250000.0,1216639925000000.0,80.0
20070923,8039112702702703.0,3244875691891892.0,37.0
20070924,10794301124468086.0,-448954000000000.0,94.0
20070925,6796066690476190.0,1901162333333333.2,42.0
20070926,7976018102564103.0,2273266897435897.5,78.0
20070927,6086233195652174.0,659206173913043.5,46.0
20070928,6936740673584906.0,-303689854716981.12,53.0
20070929,7080176000000000.0,-395360144927536.25,69.0
20070930,11513293777777778.0,5141115960000000.0,45.0
20071001,10126911387777778.0,4910259733333333.0,90.0
20071002,6705905930232558.0,2646711465116279.0,43.0
20071003,9845788850574712.0,4082890641379310.5,87.0
20071004,8531582906976744.0,6858204325581395.0,43.0
20071005,9468916264705882.0,3792270750000000.0,68.0
20071006,20359766051851852.0,7740932185185185.0,54.0
20071007,7294948380952381.0,-9251451690476190.0,42.0
20071008,13527788993902440.0,6310228069512195.0,82.0
20071009,4284369000000000.0,188301640540540.53,37.0
20071010,20432285106382980.0,5307800414893617.0,94.0
20071011,13760011463414634.0,5200447104878049.0,41.0
20071012,5099033070422535.0,-568152211267605.62,71.0
20071013,7076445600000000.0,1507246511111111.0,45.0
20071014,9713312283018868.0,2721300150943396.0,53.0
20071015,9683749739130434.0,3855784398550724.5,69.0
20071016,10874743333333334.0,4614958577777778.0,45.0
20071017,6270045208791209.0,-577373862989011.0,91.0
20071018,5985779378863636.0,961642681818181.88,44.0
20071019,9006064262068966.0,-4819196137931034.0,87.0
20071020,10821076925000000.0,9776305500000000.0,40.0
20071021,13177302794117648.0,7701591602941176.0,68.0
20071022,13312462803571428.0,5243946750000000.0,56.0
20071023,15467628363636364.0,-5352574545454545.0,44.0
20071024,7799984349397590.0,6253445795180723.0,83.0
20071025,19136238000000000.0,9607735111428572.0,35.0
20071026,20979424893617020.0,6027069436170213.0,94.0
20071027,15003923697674418.0,5524374209302326.0,43.0
20071028,32678143513513512.0,8718407000000000.0,74.0
20071029,8031663804347826.0,4342279910869565.0,46.0
20071030,12156754038461538.0,6925112288461538.0,52.0
20071031,25116471465217392.0,-2109366333333333.2,69.0
20071101,9710885565217392.0,2944084130434782.5,46.0
20071102,22273649815217392.0,11610057097826086.0,92.0
20071103,19373800909090908.0,13414162409090910.0,44.0
20071104,7754200666666667.0,1302455594444444.5,90.0
20071105,5788029230769231.0,5005064871794872.0,39.0
20071106,5774617417910448.0,476210089552238.81,67.0
20071107,8516641494642857.0,-70278285714285.711,56.0
20071108,6508808111111111.0,2686920177777778.0,45.0
20071109,5951369641975309.0,-1719473202345679.0,81.0
20071110,8340849823529412.0,2576890647058823.5,34.0
20071111,13222404580645162.0,1151285818924731.2,93.0
20071112,7941691000000000.0,5296816511111111.0,45.0
20071113,8012379736842105.0,3252023182894737.0,76.0
20071114,11910266886363636.0,4807896545454545.0,44.0
20071115,13143164740000000.0,7532426120000000.0,50.0
20071116,14178678280882352.0,10295299839705882.0,68.0
20071117,-20928810250000000.0,-34029595425000000.0,48.0
20071118,12201286956521740.0,3456605565217391.5,92.0
20071119,15021355760000000.0,8637600680000000.0,50.0
20071120,10670301666666666.0,5085073845555556.0,90.0
20071121,18050532000000000.0,17325981142857142.0,35.0
20071122,14242555161290322.0,5839874888709677.0,62.0
20071123,5113503111864407.0,1051360498305084.8,59.0
20071124,2886338000000000.0,1118550695652173.9,46.0
20071125,8393839588888889.0,3617350262962963.0,81.0
20071126,11705269142857142.0,7954096914285714.0,35.0
20071127,5239674715789474.0,1233875529263158.0,95.0
20071128,15299459065217392.0,6815391776086957.0,46.0
20071129,18946926367848100.0,4474954278481012.5,79.0
20071130,10807217166666666.0,2229980023809523.8,42.0
20071201,9812716360000000.0,2102026660000000.0,50.0
20071202,9011668529411764.0,4845449014705882.0,68.0
20071203,19928057391304348.0,2648514978260869.5,46.0
20071204,14477595500000000.0,6363820744444444.0,90.0
20071205,11870797372549020.0,9370146803921568.0,51.0
20071206,15230326046511628.0,10719751452325582.0,86.0
20071207,21887428921052632.0,20056744605263156.0,38.0
20071208,9367524126984126.0,7451159079365079.0,63.0
20071209,18062660551724136.0,9811897279310344.0,58.0
20071210,6517509744186047.0,5462532325581395.0,43.0
20071211,5897780869512195.0,4604837146341463.0,82.0
20071212,15594329026315790.0,12245164473684210.0,38.0
20071213,13503518410526316.0,2445066795789473.5,95.0
20071214,3058166638297872.5,-1519444978723404.2,47.0
20071215,20432752105263156.0,12337334565789474.0,76.0
20071216,20965211136363636.0,10231901454545454.0,44.0
20071217,4777181900000000.0,2274432140000000.0,50.0
20071218,1143051281690140.8,-3757800801408450.5,71.0
20071219,9641570039215686.0,1259004039215686.2,51.0
20071220,16610203923913044.0,3379421043478261.0,92.0
20071221,13271228133333334.0,7041564577777778.0,45.0
20071222,21596377040697676.0,3734863593023256.0,86.0
20071223,6852875789473684.0,6387205789473684.0,38.0
20071224,6310164645161290.0,715181911290322.62,62.0
20071225,4006645283928571.5,1272210232142857.2,56.0
20071226,7596468189189189.0,1952334889189189.2,37.0
20071227,18656105285714284.0,6317564202380952.0,84.0
20071228,12928457644444444.0,8866498822222222.0,45.0
20071229,12130727462365592.0,6021969709677419.0,93.0
20071230,7094409723404255.0,2649949127659574.5,47.0
20071231,7320337586666667.0,3866819736000000.0,75.0
20080101,9440504791666666.0,4252806333333333.5,48.0
20080102,10387197470588236.0,5741962058823529.0,51.0
20080103,8166030030555556.0,4991470638888889.0,72.0
20080104,158064897959183.69,-3226090061224490.0,49.0
20080105,8660864936956522.0,4894397007608696.0,92.0
20080106,4933279024390244.0,-1732852146341463.5,41.0
20080107,9990707844705882.0,6441424435294118.0,85.0
20080108,9295155078947368.0,9090418500000000.0,38.0
20080109,6632747166666667.0,4157690266666666.5,60.0
20080110,8132534428813559.0,5118847559322034.0,59.0
20080111,8885017764705882.0,6328526264705882.0,34.0
20080112,26098422623529412.0,12032126317647058.0,85.0
20080113,24142424565217392.0,12211444173913044.0,46.0
20080114,7864874468085106.0,1484334000000000.0,94.0
20080115,8758696134081633.0,8233033064693878.0,49.0
20080116,33199674933333332.0,14235226133333334.0,75.0
20080117,8119956714285714.0,5340430367346939.0,49.0
20080118,11378116942000000.0,-12192052660000000.0,50.0
20080119,26867882957746480.0,-1361702957746478.8,71.0
20080120,12811126488888888.0,2938973466666666.5,45.0
20080121,8839858134065934.0,3598518807692307.5,91.0
20080122,6960820340909091.0,3953346022727272.5,44.0
20080123,9348387325301204.0,5183314192771084.0,83.0
20080124,5329994710526316.0,3353488868421052.5,38.0
20080125,-9258317945762712.0,-14298467364406780.0,59.0
20080126,7633147431746032.0,5588896428571429.0,63.0
20080127,14267405750000000.0,10216322425000000.0,40.0
20080128,13114857790697674.0,7289866023255814.0,86.0
20080129,nan,nan,0
20080130,nan,nan,0
20080131,-1319103902439024.5,-16799347560975610.0,41.0
20080201,5672104410958904.0,2221731087671233.0,73.0
20080202,7253262620000000.0,3002485080000000.0,50.0
20080203,18712833777777776.0,10782069177777778.0,45.0
20080204,16455417500000000.0,4791002877027027.0,74.0
20080205,20545923282051284.0,3819691666666666.5,39.0
20080206,15408612131868132.0,10981252384615384.0,91.0
20080207,22692295227272728.0,13518254886363636.0,44.0
20080208,7163750580952381.0,5465369250000000.0,84.0
20080209,12388802250000000.0,10189487000000000.0,40.0
20080210,7707932333333333.0,2973138966666666.5,60.0
20080211,10039724766666666.0,4438524866666666.5,60.0
20080212,17170836750000000.0,7668599792500000.0,40.0
20080213,6953178521839080.0,3236638632183908.0,87.0
20080214,5261007048780488.0,1495696780487805.0,41.0
20080215,12857848586956522.0,4691723326086957.0,92.0
20080216,3400004779782608.5,2143623891304347.8,46.0
20080217,5950110061944444.0,3147643019444444.5,72.0
20080218,6351086294117647.0,4232653647058823.5,51.0
20080219,9563800955555556.0,6655942353333333.0,45.0
20080220,7838886324324324.0,3310110808513513.5,74.0
20080221,7667409280434783.0,3599555695652174.0,46.0
20080222,14305528648936170.0,8034473155319149.0,94.0
20080223,8142970681818182.0,2777878370909091.0,44.0
20080224,11116591719512196.0,7482324519512195.0,82.0
20080225,8044620255813953.0,6698776418604651.0,43.0
20080226,2677868939655172.5,-6571497431034483.0,58.0
20080227,18059016380952380.0,2522799650793651.0,63.0
20080228,14788120277777778.0,6284945666666667.0,36.0
20080229,7729447659090909.0,2923134965909091.0,88.0
20080301,4646522888888889.0,-339019500000000.0,36.0
20080302,8355287709677419.0,1281395440860215.0,93.0
20080303,7489812469387755.0,3131143632653061.0,49.0
20080304,-15012397911764706.0,-21502759264705884.0,68.0
20080305,7572394300000000.0,3863469940000000.0,50.0
20080306,13815506340000000.0,8166773300000000.0,50.0
20080307,9509853776315790.0,7829525473684211.0,76.0
20080308,5734766205882353.0,560133100000000.0,51.0
20080309,11971792810526316.0,6793455437052632.0,95.0
20080310,11434789772727272.0,5982046681818182.0,44.0
20080311,11115470609756098.0,6507693658536585.0,82.0
20080312,9663139700000000.0,6026415525000000.0,40.0
20080313,10795863581818182.0,6596652090909091.0,55.0
20080314,8234557227272727.0,3387384274242424.0,66.0
20080315,9581153692307692.0,3608329010256410.5,39.0
20080316,10737315179775280.0,4259252910112359.5,89.0
20080317,9501157948717948.0,3075966538461538.5,39.0
20080318,24157025280898876.0,6188037313483146.0,89.0
20080319,13169192416000000.0,7536278516000000.0,50.0
20080320,15803934223880598.0,7697617597014925.0,67.0
20080321,12341424905660378.0,6116221467924528.0,53.0
20080322,3040092219512195.0,1408933853658536.5,41.0
20080323,16464841354430380.0,7907634924050633.0,79.0
20080324,29729771000000000.0,20513273040000000.0,50.0
20080325,22283110451612904.0,-1974690845161290.2,93.0
20080326,10147346897560976.0,3623257912195122.0,41.0
20080327,9987173151898734.0,3291351721518987.5,79.0
20080328,8571765272727273.0,3803623681818182.0,44.0
20080329,11021220618181818.0,6762352272727273.0,55.0
20080330,10431597223880598.0,3935987674776119.5,67.0
20080331,9907646829268292.0,5111036404878049.0,41.0
20080401,8444128303370787.0,2742393423595505.5,89.0
20080402,22845549250000000.0,5233877750000000.0,40.0
20080403,13033210516483516.0,5292931665934066.0,91.0
20080404,2471559508000000.0,116218980000000.0,50.0
20080405,8066131738787879.0,2887180946969697.0,66.0
20080406,8545104129629630.0,3615656814814815.0,54.0
20080407,12123058714285714.0,5178382476190476.0,42.0
20080408,7092475634146341.0,2625659160975610.0,82.0
20080409,13903288108108108.0,9597043648648648.0,37.0
20080410,10046946838709678.0,3554642290322580.5,93.0
20080411,6721129309523810.0,1341963926190476.2,42.0
20080412,20455294144736844.0,8424829526315789.0,76.0
20080413,16460531630434782.0,8432611341304348.0,46.0
20080414,7745190980392157.0,4458613784313725.5,51.0
20080415,6024282730000000.0,1983610980000000.0,70.0
20080416,4846169921276596.0,996345334042553.25,47.0
20080417,5070545945054945.0,1289593803296703.2,91.0
20080418,12636130869565218.0,7123676000000000.0,46.0
20080419,8127311983146067.0,-2223052364606741.5,89.0
20080420,8660908285714286.0,8054173142857143.0,35.0
20080421,11724275396825396.0,3799273555555555.5,63.0
20080422,8258691465517241.0,3493210068965517.0,58.0
20080423,4604539627906977.0,1427678255813953.5,43.0
20080424,12069565810843374.0,5143902442168675.0,83.0
20080425,13549974742857142.0,440529171428571.44,35.0
20080426,11601029935106382.0,2903570195744681.0,94.0
20080427,14381736533333334.0,1257912644444444.5,45.0
20080428,8959652236842105.0,-806208276315789.5,76.0
20080429,9738722378260870.0,2804183869565217.5,46.0
20080430,10694633282000000.0,2295959190000000.0,50.0
20080501,13067730750000000.0,-2021942430555555.5,72.0
20080502,5911615400000000.0,-2526093122000000.0,50.0
20080503,10470903979569892.0,2474081096774193.5,93.0
20080504,10428295069767442.0,1666159976744186.0,43.0
20080505,8963663659090909.0,178564965909090.91,88.0
20080506,16138438486486486.0,13198150648648648.0,37.0
20080507,10207185451612904.0,3325476274193548.5,62.0
20080508,9506566379310344.0,34444625862068.965,58.0
20080509,12219288823529412.0,4987617611764706.0,34.0
20080510,10613478964705882.0,4215379764705882.5,85.0
20080511,9027868888888888.0,2434624961111111.0,18.0
20080512,10629855606382978.0,3861742106382978.5,94.0
20080513,13562651489361702.0,3321232978723404.5,47.0
20080514,11806225626666666.0,3967076477333333.5,75.0
20080515,13530581250000000.0,4898551750000000.0,48.0
20080516,11561269823529412.0,4185015647058823.5,51.0
20080517,21610508876712328.0,8577441835616438.0,73.0
20080518,9299040991764706.0,2048358470588235.2,51.0
20080519,11058501071739130.0,2414977408695652.0,92.0
20080520,13102647720930232.0,2773073232558139.5,43.0
20080521,11835548159770114.0,747024206896551.75,87.0
20080522,11058037567567568.0,8917588837837838.0,37.0
20080523,8950360133333333.0,4200246846666666.5,60.0
20080524,11315441159322034.0,2794179000000000.0,59.0
20080525,14986384656250000.0,6080418187500000.0,32.0
20080526,13869980744186046.0,9861402639534884.0,86.0
20080527,12603212666666666.0,4922000476470588.0,51.0
20080528,16063272591397850.0,5679805032258065.0,93.0
20080529,14642027369565218.0,7988392095652174.0,46.0
20080530,11345902736842106.0,4201711657894737.0,76.0
20080531,10054412539583334.0,3186844500000000.0,48.0
20080601,6213532896420000.0,2833633310000000.0,50.0
20080602,12510457067567568.0,4850945136486486.0,74.0
20080603,22507089387755104.0,3201830769387755.0,49.0
20080604,16495082869565218.0,2777025204347826.0,92.0
20080605,21066500232558140.0,5502033100000000.0,43.0
20080606,6258635034883721.0,2146420104651162.8,86.0
20080607,7561623351351351.0,5870477891891892.0,37.0
20080608,5108828493333333.0,2099209216666666.8,60.0
20080609,10485201505084746.0,-1094255271186440.6,59.0
20080610,13881902030303030.0,5756274636363636.0,33.0
20080611,17185789811764706.0,10883543922352942.0,85.0
20080612,12117410903846154.0,3985291936346154.0,52.0
20080613,9485164680851064.0,1811390521276595.8,94.0
20080614,9759885125000000.0,3592017708333333.5,48.0
20080615,5024815855263158.0,2062128780263158.0,76.0
20080616,5267727857142857.0,2026002093877551.0,49.0
20080617,7014886496000000.0,3748772598000000.0,50.0
20080618,12159064486111112.0,4227422200000000.0,72.0
20080619,15591275782608696.0,5327766723913043.0,46.0
20080620,10676388075268818.0,1618130267741935.5,93.0
20080621,10201517723255814.0,2122512613953488.2,43.0
20080622,14028930095294118.0,2118067231764706.0,85.0
20080623,8356239567567568.0,6349236054054054.0,37.0
20080624,5884782216666667.0,-1489625716666666.8,60.0
20080625,7842591783333333.0,-250581883333333.34,60.0
20080626,12827887888888888.0,4626222175000000.0,36.0
20080627,9151356735632184.0,4367896590804597.5,87.0
20080628,8718853490196078.0,-266835862745098.03,51.0
20080629,12102595755319148.0,4606057872340426.0,94.0
20080630,11230547687500000.0,2951675000000000.0,48.0
20080701,8695670868421053.0,1051642167105263.1,76.0
20080702,6409689081632653.0,-2547186163265306.0,49.0
20080703,7533591469387755.0,-610774832653061.25,49.0
20080704,6239691055555556.0,2385887347222222.0,72.0
20080705,7050079346938776.0,789997632653061.25,49.0
20080706,12225593371739130.0,3300708190217391.5,92.0
20080707,12152861023255814.0,1227884860465116.2,43.0
20080708,7118010760930233.0,-1624335335155814.0,86.0
20080709,17025908000000000.0,14332215973684210.0,38.0
20080710,17306049155932204.0,2639262016949152.5,59.0
20080711,8672200118644068.0,854406035593220.38,59.0
20080712,12514210606060606.0,2378534254545454.5,33.0
20080713,23169437592857144.0,14256683842857142.0,84.0
20080714,11457394120000000.0,2736024580000000.0,50.0
20080715,10864129678494624.0,2308256653763441.0,93.0
20080716,10451598493617022.0,2887095382978723.5,47.0
20080717,10642410666666666.0,1662329173333333.2,75.0
20080718,2122853693877551.0,-5160673591836735.0,49.0
20080719,10929728300000000.0,1546894588235294.0,51.0
20080720,17975615649315068.0,-1347835378082191.8,73.0
20080721,7725997351923077.0,-1413414673076923.0,52.0
20080722,7568227439560440.0,-1099667252747252.8,91.0
20080723,6915659841463415.0,259566975609756.09,41.0
20080724,10115199701149426.0,-1618655995402298.8,87.0
20080725,9319622131578948.0,7535135552631579.0,38.0
20080726,7987618435483871.0,-150406243548387.09,62.0
20080727,9233053033898306.0,-829576576271186.5,59.0
20080728,13550278529411764.0,1942683382352941.2,34.0
20080729,8469183595238095.0,4484376075000000.0,84.0
20080730,8463552320000000.0,1211013962600000.0,50.0
20080731,11390130489148936.0,2606482691489361.5,94.0
20080801,21622966108695652.0,5589354956521739.0,46.0
20080802,6990753194520548.0,-355034438356164.38,73.0
20080803,4719360789795918.0,-2734639657346939.0,49.0
20080804,8670584038461538.0,-543442069230769.25,52.0
20080805,11601302429729730.0,5242147287837838.0,74.0
20080806,7516681526530612.0,780786612244898.0,49.0
20080807,-705379854782608.75,-12300993459782608.0,92.0
20080808,7324208162500000.0,426809150000000.0,40.0
20080809,7505232674418605.0,-661391500000000.0,86.0
20080810,12170675621621622.0,10451779802702702.0,37.0
20080811,8029082093750000.0,1484574281250000.0,64.0
20080812,7151391775862069.0,596285863793103.5,58.0
20080813,7342353597058824.0,611097794117647.0,34.0
20080814,6422832090476190.0,4099278626190476.0,84.0
20080815,18738428106382980.0,12992804897872340.0,47.0
20080816,8707688666666667.0,566529734408602.12,93.0
20080817,9918452093750000.0,1654897545833333.2,48.0
20080818,10326111194444444.0,3604386082500000.0,72.0
20080819,7337677959183673.0,343396207551020.44,49.0
20080820,23217237400000000.0,10419006840000000.0,50.0
20080821,23437207070422536.0,5959505380281690.0,71.0
20080822,19310536346153848.0,7082922519230769.0,52.0
20080823,8413411663736264.0,2755770142857143.0,91.0
20080824,5961478545454545.0,1748381586363636.2,44.0
20080825,18659522183908044.0,3281342908045977.0,87.0
20080826,9197340972972972.0,7307144864864865.0,37.0
20080827,3958148738461538.5,338414587692307.69,65.0
20080828,6314663157894737.0,796877280701754.38,57.0
20080829,5924951472222222.0,1144455972222222.2,36.0
20080830,17184206571428572.0,8674339226190476.0,84.0
20080831,17751908255813954.0,3209635976744186.0,43.0
20080901,9625652925531914.0,1843762053191489.2,94.0
20080902,8897300369565217.0,1101689434782608.8,46.0
20080903,7636000767123288.0,2301200178082192.0,73.0
20080904,10910166306122448.0,2239790248979591.8,49.0
20080905,14077956529411764.0,-4789873000000000.0,51.0
20080906,16298146449275362.0,1040298028985507.2,69.0
20080907,7867491085800000.0,-4077887030000000.0,50.0
20080908,9735478935483870.0,1965540365591397.8,93.0
20080909,8048846883720930.0,387790502325581.38,43.0
20080910,9510232298850574.0,1649922540229885.0,87.0
20080911,7097134216216216.0,6060796459459459.0,37.0
20080912,9840524730158730.0,1773190077777777.8,63.0
20080913,15021135285714286.0,9090876500000000.0,56.0
20080914,27870972702702704.0,11209587972972972.0,37.0
20080915,6003954073809524.0,3185921321428571.5,84.0
20080916,6248464604651163.0,371901813953488.38,43.0
20080917,7422504301075269.0,1543636697849462.2,93.0
20080918,11598810571428572.0,2256449428571428.5,49.0
20080919,9653142933333334.0,822670040000000.0,75.0
20080920,8674726800000000.0,996994617021276.62,47.0
20080921,9588892705882352.0,2189478882352941.2,51.0
20080922,21074919305555556.0,4241802500000000.0,72.0
20080923,16071460100000000.0,6424590000000000.0,50.0
20080924,11786219460000000.0,4013353363157894.5,95.0
20080925,5761341133333333.0,-1027344977777777.8,45.0
20080926,19879559329545456.0,5187523386363636.0,88.0
20080927,nan,nan,0
20080928,nan,nan,0
20080929,nan,nan,0
20080930,12671076052631578.0,5555453557894737.0,38.0
20081001,11122322698795180.0,8057653108433735.0,83.0
20081002,9815323170731708.0,3823804073170731.5,41.0
20081003,8131510403225806.0,-731117779784946.25,93.0
20081004,10096948255319148.0,-6069975595744681.0,47.0
20081005,5424669500000000.0,3173312675675675.5,74.0
20081006,15823483130434782.0,4462756130434782.5,46.0
20081007,7043262816326531.0,234448922448979.59,49.0
20081008,6272638857142857.0,143824114285714.28,70.0
20081009,6591001576923077.0,1108710486538461.5,52.0
20081010,12950397806451612.0,5335802784946237.0,93.0
20081011,17715978409090910.0,9054275681818182.0,44.0
20081012,9380523823529412.0,4096679435294117.5,85.0
20081013,13298797324324324.0,11994804451351352.0,37.0
20081014,11526578746031746.0,-1961063650793650.8,63.0
20081015,6792444107142857.0,-1616772053571428.5,56.0
20081016,8892443066666667.0,3331591617777778.0,36.0
20081017,12237890349397590.0,8928150819277108.0,83.0
20081018,19159535909090908.0,10073332522727272.0,44.0
20081019,16406476606382978.0,6673821424468085.0,94.0
20081020,11724287608695652.0,6358632591304348.0,46.0
20081021,6367750328767123.0,4154877387671233.0,73.0
20081022,7467750148936170.0,188668082978723.41,47.0
20081023,3283888592156862.5,756434232156862.75,51.0
20081024,11655824985714286.0,-2702527842857143.0,70.0
20081025,9517848220000000.0,2105615226000000.0,50.0
20081026,19910436200000000.0,5368002888888889.0,90.0
20081027,10796541162790698.0,4836393767441860.0,43.0
20081028,16222087379310344.0,8942169155172414.0,87.0
20081029,8482012523684211.0,7621325497368421.0,38.0
20081030,25227562063492064.0,13693692507936508.0,63.0
20081031,13486989315789474.0,-2281376105263158.0,57.0
20081101,5259131561764706.0,3736172442941176.5,34.0
20081102,12254330228915662.0,5001837710843373.0,83.0
20081103,10644827681818182.0,3895234577272727.5,44.0
20081104,9716672545744680.0,5228443574468085.0,94.0
20081105,45400562553191488.0,16306413234042554.0,47.0
20081106,12386829849315068.0,-1172628338356164.5,73.0
20081107,18823127551020408.0,-5586292612244898.0,49.0
20081108,22170145882352940.0,-942967647058823.5,51.0
20081109,9295241208333334.0,5250368027777778.0,72.0
20081110,6520573100000000.0,2796272912000000.0,50.0
20081111,9330853473118280.0,2977828302258064.5,93.0
20081112,12870389756097560.0,5631002780487805.0,41.0
20081113,10547052627906976.0,3244381186046511.5,86.0
20081114,20300468051282052.0,17691625025641026.0,39.0
20081115,8528095229508197.0,6210666000000000.0,61.0
20081116,7213791413793103.0,2002868017241379.2,58.0
20081117,10285908181818182.0,5068130151515152.0,33.0
20081118,7598347304880952.0,-233164113095238.09,84.0
20081119,15502531600000000.0,6952954620000000.0,50.0
20081120,12143635200000000.0,1331564031914893.5,94.0
20081121,14253983250000000.0,5917835227272727.0,44.0
20081122,-7131974902777778.0,-16510084527777778.0,72.0
20081123,9590265000000000.0,1114303755102040.9,49.0
20081124,13673138919230770.0,3669427326923077.0,52.0
20081125,4245005517361111.0,-44397652777777.781,72.0
20081126,8755937380000000.0,-2264329920000000.0,50.0
20081127,12837511369565218.0,3907330848913043.5,92.0
20081128,22175433240476192.0,-3035542785714285.5,42.0
20081129,4820499195402299.0,-13428816011494252.0,87.0
20081130,7046945432432432.0,5706120081081081.0,37.0
20081201,-36679147700000000.0,-49679656550000000.0,60.0
20081202,8892081616666667.0,3313382556666666.5,60.0
20081203,17311172727272728.0,3035912181818182.0,33.0
20081204,-7024788862068966.0,-9779002924137932.0,87.0
20081205,16682049843137254.0,8875953333333333.0,51.0
20081206,16731468494623656.0,9277477469892474.0,93.0
20081207,10125692934782608.0,6961836760869565.0,46.0
20081208,12435515891891892.0,9072657297297298.0,74.0
20081209,9594007980000000.0,2027085300000000.0,50.0
20081210,9178416180000000.0,8019651300000000.0,50.0
20081211,4004899717187500.0,2928425239062500.0,64.0
20081212,21939737234042552.0,6614403510638298.0,47.0
20081213,13448799086956522.0,4657211547826087.0,92.0
20081214,10408857404761904.0,3894643142857143.0,42.0
20081215,10546079023529412.0,5815583135294118.0,85.0
20081216,6741466444444444.0,5336366472222222.0,36.0
20081217,-16376567166666666.0,-32940542383333332.0,60.0
20081218,19330050693548388.0,6899255612903226.0,62.0
20081219,2674058079411764.5,-2644184147058823.5,34.0
20081220,4432207028571428.5,67121914285714.289,70.0
20081221,4737967875000000.0,-1133287354166666.8,48.0
20081222,11386392290322580.0,3123227234408602.0,93.0
20081223,7704190428571429.0,-1305749653061224.5,49.0
20081224,6711099293333333.0,4820135235600000.0,75.0
20081225,5416171610204082.0,1974373163265306.0,49.0
20081226,19785415160000000.0,12559916920000000.0,50.0
20081227,56310706111111112.0,36102438703703704.0,54.0
20081228,8167002220000000.0,1233157862000000.0,50.0
20081229,25753139684782608.0,21107411456521740.0,92.0
20081230,11988767837209302.0,4695672418604651.0,43.0
20081231,20567317816091956.0,4049337183908046.0,87.0
20090101,10699169918918918.0,9766365675675676.0,37.0
20090102,9786433500000000.0,6436748655000000.0,60.0
20090103,4271214189655172.5,-639018324137931.0,58.0
20090104,9766775294117648.0,3118189382352941.0,34.0
20090105,16998732222222222.0,10497874888888888.0,63.0
20090106,13839354686274510.0,8024835686274510.0,51.0
20090107,-55637260869565216.0,-66775255097826080.0,92.0
20090108,7852625468085106.0,6473992744680851.0,47.0
20090109,130731375675675.67,-1541298445945946.0,74.0
20090110,17105662380000000.0,92232320000000.0,50.0
20090111,7806427607843137.0,1328008156862745.0,51.0
20090112,53710258418181816.0,52144559636363640.0,55.0
20090113,12171734230769230.0,7080169576923077.0,52.0
20090114,21458265268817204.0,14747971397849462.0,93.0
20090115,26314841904761904.0,20132376095238096.0,42.0
20090116,15392762816091954.0,11487114977011494.0,87.0
20090117,5161016972972973.0,3996106378378378.5,37.0
20090118,9157243900000000.0,3512651318333333.5,60.0
20090119,10953643533333334.0,3462559978333333.5,60.0
20090120,21115424117647060.0,12492330117647058.0,34.0
20090121,9424982415384616.0,971477861538461.5,65.0
20090122,19187305960784312.0,9891867647058824.0,51.0
20090123,-94656680258064512.0,-99669976827956976.0,93.0
20090124,12033638500000000.0,6457413104166667.0,48.0
20090125,10472698486111112.0,3709982830555555.5,72.0
20090126,13149719404081632.0,6511887481632653.0,49.0
20090127,9611212313725490.0,8663588039215686.0,51.0
20090128,2.2677115875e+17,2.23949614675e+17,40.0
20090129,9145115309615384.0,3681503807692307.5,52.0
20090130,14764132219780220.0,14764132219780220.0,91.0
20090131,13082738809523810.0,6179809833333333.0,42.0
20090201,23416139701149424.0,6799861643678161.0,87.0
20090202,13119400810810810.0,11909776756756756.0,37.0
20090203,6101718126984127.0,-1709116671428571.5,63.0
20090204,28501644482758620.0,17822644655172414.0,58.0
20090205,18504355757575756.0,12791966606060606.0,33.0
20090206,19376714333333332.0,19376714333333332.0,84.0
20090207,22463320000000000.0,17779707000000000.0,50.0
20090208,23110486511627908.0,18029471860465116.0,86.0
20090209,12191279148936170.0,4767540829787234.0,47.0
20090210,10997553851351352.0,1914351094594594.5,74.0
20090211,7721626938775510.0,1390217061224489.8,49.0
20090212,10986631992156862.0,4105847229411764.5,51.0
20090213,1.5253047347457629e+17,1.5061504888135594e+17,59.0
20090214,23419527400000000.0,-5811993260000000.0,50.0
20090215,8151551241379310.0,8151551241379310.0,87.0
20090216,9176199619047620.0,4022920714285714.5,42.0
20090217,24050136101136364.0,-3517205704545454.5,88.0
20090218,14845921891891892.0,13168601081081082.0,37.0
20090219,7291512950819672.0,-2097963540983606.5,61.0
20090220,19599294137931036.0,7005544967241379.0,58.0
20090221,7920755454545455.0,1205811060606060.5,33.0
20090222,12515559651190476.0,12515559651190476.0,84.0
20090223,31445261224489796.0,14262004693877552.0,49.0
20090224,16795649456521740.0,11218582641304348.0,92.0
20090225,11989009979166666.0,8443083041666667.0,48.0
20090226,8955467042253521.0,4899078790140845.0,71.0
20090227,7557839095833333.0,-432350375000000.0,48.0
20090228,16828005800000000.0,12081356700000000.0,50.0
20090301,1.9953492666666666e+17,1.9913038976190477e+17,42.0
20090302,7175210580000000.0,1857317800000000.0,50.0
20090303,3435166367088607.5,3435166367088607.5,79.0
20090304,17970998333333334.0,-3334274571428571.5,42.0
20090305,28473495454545456.0,10713807297727272.0,88.0
20090306,9041720526315790.0,7318436315789474.0,38.0
20090307,9055021032786886.0,3234923457377049.0,61.0
20090308,12839272947368422.0,10181902087719298.0,57.0
20090309,9635325500000000.0,7794722647058824.0,34.0
20090310,12650297404761904.0,11162062714285714.0,84.0
20090311,10145067541666666.0,4303850583333333.5,48.0
20090312,6196926064516129.0,-463141405376344.06,93.0
20090313,19873932826086956.0,4438882391304348.0,46.0
20090314,24841938260273972.0,12537253191780822.0,73.0
20090315,7715621129166667.0,2549268189583333.5,48.0
20090316,8378905411764706.0,769332529411764.75,51.0
20090317,14459268947368422.0,13546408947368422.0,57.0
20090318,9913929269230770.0,5259589673076923.0,52.0
20090319,-2620862531645569.5,-2620862531645569.5,79.0
20090320,17063574756097560.0,6255899704878049.0,41.0
20090321,14202078761363636.0,7710015014772727.0,88.0
20090322,6650879473684211.0,3887857894736842.0,38.0
20090323,13454590950819672.0,7921728737704918.0,61.0
20090324,17722016666666666.0,11820787264583334.0,48.0
20090325,21430717470588236.0,5041165470588235.0,34.0
20090326,23622980578160920.0,20625241083908044.0,87.0
20090327,6284851911363636.0,3776600343181818.0,44.0
20090328,11888758321839080.0,3046577200000000.0,87.0
20090329,9865215391304348.0,3152321434782608.5,46.0
20090330,8618444493333333.0,611750413333333.38,75.0
20090331,30921408979166668.0,762930562500000.0,48.0
20090401,15101371368627450.0,6836533021568627.0,51.0
20090402,12451246013000000.0,11849718370142858.0,70.0
20090403,16057095372549020.0,9448376921568628.0,51.0
20090404,13376907807407408.0,13376907807407408.0,81.0
20090405,10171848333333334.0,4876133333333333.0,42.0
20090406,8717091919540230.0,248159022988505.75,87.0
20090407,7110161447368421.0,5329659236842105.0,38.0
20090408,8096758852459016.0,1837367761475409.8,61.0
20090409,6980356318644068.0,2822613428813559.5,59.0
20090410,15873735588235294.0,1129510073823529.5,34.0
20090411,19310645623529412.0,15256295329411764.0,85.0
20090412,15321721580000000.0,5117056394000000.0,50.0
20090413,26303025035294116.0,12256168058823530.0,85.0
20090414,15161698916666666.0,6776300062500000.0,48.0
20090415,10447491427027028.0,4273506837837838.0,74.0
20090416,8491419197959184.0,1840951571428571.5,49.0
20090417,12638018352941176.0,4995804019607843.0,51.0
20090418,10691601376811594.0,9762671594202898.0,69.0
20090419,5762466240000000.0,-148838564000000.0,50.0
20090420,3841372091463414.5,3841372091463414.5,82.0
20090421,10751829024390244.0,5431325634146341.0,41.0
20090422,-5225449802325581.0,-11074104581395348.0,86.0
20090423,6885202078947368.0,5338089413157895.0,38.0
20090424,27737417419354840.0,1024766096774193.5,62.0
20090425,8776482058823529.0,8372442352941176.0,34.0
20090426,11533192852941176.0,1889573941176470.5,34.0
20090427,11637134070588236.0,9604184294117648.0,85.0
20090428,10713355803921568.0,2794985803921568.5,51.0
20090429,7311683863636364.0,2251514314772727.2,88.0
20090430,9334708163265306.0,1596560934693877.5,49.0
20090501,12310036148648648.0,3465107689189189.0,74.0
20090502,15816692886363636.0,14160589250000000.0,44.0
20090503,7285035058823529.0,2136669841176470.5,51.0
20090504,7040406152777778.0,828709359722222.25,72.0
20090505,11993133469387756.0,6105860081632653.0,49.0
20090506,6930051112987013.0,6930051112987013.0,77.0
20090507,9170586050238096.0,2661280833333333.5,42.0
20090508,14212575553409090.0,-1569620332954545.5,88.0
20090509,8518410837837838.0,6432804000000000.0,37.0
20090510,6944597459016393.0,448979737704918.06,61.0
20090511,14375331068181818.0,13871083113636364.0,44.0
20090512,12376703275757576.0,3229391969696969.5,33.0
20090513,16756236060000000.0,14996669270588236.0,85.0
20090514,33269631711538460.0,19337340038461540.0,52.0
20090515,7617377045454545.0,-649306181818181.88,88.0
20090516,12178465212765958.0,1176273829787234.0,47.0
20090517,12492181653333334.0,3539763105333333.5,75.0
20090518,9609162942857142.0,8627402738775510.0,49.0
20090519,14554214588235294.0,3127843215686274.5,51.0
20090520,14651576972972972.0,2064513972972973.0,74.0
20090521,24973438294117648.0,3903956901960784.5,51.0
20090522,-1389923512195122.0,-1389923512195122.0,82.0
20090523,14812191952380952.0,5616456095238095.0,42.0
20090524,9124902586206896.0,1155046113793103.5,87.0
20090525,17124208102702702.0,12212250805405406.0,37.0
20090526,13840781193548388.0,2001685693548387.0,62.0
20090527,19816982800000000.0,19011602600000000.0,50.0
20090528,10243029454545454.0,5029228272727273.0,33.0
20090529,15111285232941176.0,12586431927058824.0,85.0
20090530,9531556714285714.0,2015543020408163.2,49.0
20090531,-3311792326086956.5,-11410958081521740.0,92.0
20090601,24904189130434784.0,10173488847826086.0,46.0
20090602,8239238173333333.0,129711333333333.33,75.0
20090603,10440053877551020.0,8826219285714286.0,49.0
20090604,6048040800000000.0,-7605891102000000.0,50.0
20090605,8075234378378378.0,1155459200000000.0,74.0
20090606,10531065480000000.0,902295800000000.0,50.0
20090607,848972337349397.62,848972337349397.62,83.0
20090608,9101646811904762.0,1818092285714285.8,42.0
20090609,18925093977272728.0,-1201002526136363.8,88.0
20090610,10236260172222222.0,8387360833333333.0,36.0
20090611,10735167716666666.0,3729823562333333.5,60.0
20090612,17928826818181818.0,16861517272727272.0,44.0
20090613,3608144437500000.0,-11760773906250000.0,32.0
20090614,16735709047058824.0,13246316188235294.0,85.0
20090615,12811844760000000.0,4862087780000000.0,50.0
20090616,-2535161451612903.0,-8167458605376344.0,93.0
20090617,11296792957446808.0,5433476297872340.0,47.0
20090618,8532265135135135.0,2275766600000000.0,74.0
20090619,5897007879166667.0,5047600025000000.0,48.0
20090620,10214018431372550.0,5862815143137255.0,51.0
20090621,13835204310810810.0,6755242945945946.0,74.0
20090622,14944176461538462.0,7398813519230769.0,52.0
20090623,8017365800000000.0,8017365800000000.0,80.0
20090624,12140390000000000.0,2318842976190476.0,42.0
20090625,8147852701149425.0,-1334030540229885.0,87.0
20090626,11100132892972972.0,9297601703783784.0,37.0
20090627,7723687622950820.0,-697200852459016.38,61.0
20090628,11676208590909090.0,11002460931818182.0,44.0
20090629,11737204617647058.0,2649735970588235.5,34.0
20090630,18430402364705884.0,15478841658823530.0,85.0
20090701,16575402745098040.0,6230660950980392.0,51.0
20090702,7541141866666667.0,302690075268817.19,93.0
20090703,11719811791304348.0,2351873413043478.5,46.0
20090704,12272324270270270.0,4228801267567567.5,74.0
20090705,12305872551020408.0,10724321510204082.0,49.0
20090706,18313610019607844.0,8093570705882353.0,51.0
20090707,6379377968513514.0,917886189189189.25,74.0
20090708,8909673013461538.0,3267549067307692.5,52.0
20090709,2468434569767442.0,2468434569767442.0,86.0
20090710,5508605816666667.0,-524277310714285.69,42.0
20090711,22383594590909092.0,-842632965909090.88,88.0
20090712,13424922432432432.0,11448648648648648.0,37.0
20090713,9875810557377050.0,846904011475409.88,61.0
20090714,11780111395348838.0,11213580465116280.0,43.0
20090715,15591250909090910.0,5827718696969697.0,33.0
20090716,29159952352941176.0,24597135647058824.0,85.0
20090717,6887027313725490.0,805549168627451.0,51.0
20090718,8803645247311828.0,891314989247311.88,93.0
20090719,10423807404255320.0,1789044293617021.2,47.0
20090720,10259827837837838.0,2701596905405405.5,74.0
20090721,12483338240000000.0,11049930180000000.0,50.0
20090722,8225899764705882.0,-2955347650980392.0,51.0
20090723,6125177209857143.0,-1923029764285714.2,70.0
20090724,12013483469387756.0,2602573502040816.5,49.0
20090725,8771393404761905.0,8771393404761905.0,84.0
20090726,19961162878048780.0,4372191926829268.5,41.0
20090727,7786333241379310.0,-75241871264367.812,87.0
20090728,8069353763157895.0,6504538289473684.0,38.0
20090729,11841672433333334.0,2964142783333333.5,60.0
20090730,8228840264150943.0,7847823283018868.0,53.0
20090731,6509943323529412.0,-1666422823529411.8,34.0
20090801,13005097388095238.0,10939800884523810.0,84.0
20090802,13586980858823530.0,4426946235294117.5,51.0
20090803,nan,nan,0.0
20090804,12105179361702128.0,374245333829787.25,47.0
20090805,8941608808219178.0,1451410075342465.8,73.0
20090806,2918650468750000.0,822039937500000.0,32.0
20090807,1335907117647058.8,-8311164972549020.0,51.0
20090808,7552864301369863.0,617083342465753.38,73.0
20090809,8397908057692308.0,-163572673076923.06,52.0
20090810,10102503115384616.0,10102503115384616.0,78.0
20090811,10171805238095238.0,-110373309523809.53,42.0
20090812,13379666704545454.0,-5185355545454545.0,88.0
20090813,8663567210526316.0,7229817368421053.0,38.0
20090814,9587142316666666.0,2089240840000000.0,60.0
20090815,8647112327586207.0,8140050379310345.0,58.0
20090816,14915550437500000.0,2167544437500000.0,32.0
20090817,17292731082352942.0,15469583995294118.0,85.0
20090818,7722030692307692.0,748866500000000.0,52.0
20090819,9734300946236560.0,7655202752688172.0,93.0
20090820,9411037000000000.0,1907405847826087.0,46.0
20090821,9077880648648648.0,-10717639378378378.0,74.0
20090822,3053008733333333.5,1784295703030303.0,33.0
20090823,14078894117647058.0,7941089803921569.0,51.0
20090824,35752795208333332.0,20437064095833332.0,72.0
20090825,11473403764705882.0,2909879862745098.0,51.0
20090826,12801335066666666.0,12801335066666666.0,78.0
20090827,9912131880952380.0,949060571428571.38,42.0
20090828,9462974770114942.0,2478690517241379.5,87.0
20090829,9792431447368422.0,7243487716842105.0,38.0
20090830,9231314333333334.0,2378689550000000.0,60.0
20090831,7206952192307692.0,6451968538461538.0,52.0
20090901,10824906970588236.0,2580261647058823.5,34.0
20090902,15003081242352942.0,13087094600000000.0,85.0
20090903,15748355458333334.0,-576897806250000.0,48.0
20090904,-8417775882352941.0,-10777033858823530.0,68.0
20090905,10952896086956522.0,3004594021739130.5,46.0
20090906,10436177565789474.0,2610695026315789.5,76.0
20090907,22761531944444444.0,19075112500000000.0,36.0
20090908,15893556938775510.0,7149860310204082.0,49.0
20090909,15390161416666666.0,5976050513888889.0,72.0
20090910,11717834745098040.0,2578798137254902.0,51.0
20090911,9208985666666666.0,9208985666666666.0,57.0
20090912,7878332857142857.0,1936317309523809.5,42.0
20090913,24974350574712644.0,5390233988505747.0,87.0
20090914,8222207564102564.0,7489059615384615.0,39.0
20090915,12412815183333334.0,3438643678333333.5,60.0
20090916,7550509935000000.0,7182999601666667.0,60.0
20090917,30537309090909092.0,12929850509090910.0,33.0
20090918,18052560340963856.0,15861881003614458.0,83.0
20090919,8361223380000000.0,132210760000000.0,50.0
20090920,-1.7400560493333331e+17,-1.7691535453333334e+17,75.0
20090921,10830936739130434.0,-26562113043478.262,46.0
20090922,10496285146666666.0,73317600000000.0,75.0
20090923,10384039978787878.0,8342579978787879.0,33.0
20090924,2297359725490196.0,-7746627450980392.0,51.0
20090925,7534728767123288.0,-1380357369863013.8,73.0
20090926,7934452359615385.0,-3054872405769231.0,52.0
20090927,9894286534482758.0,9894286534482758.0,58.0
20090928,11933253255813954.0,3840229639534883.5,43.0
20090929,10734348816091954.0,1968643625287356.2,87.0
20090930,8080640081081081.0,5670200486486486.0,37.0
20091001,8045828376666667.0,-984072433333333.38,60.0
20091002,26652300965517240.0,26239211827586208.0,58.0
20091003,11433799705882352.0,3729811541176470.5,34.0
20091004,11606215891566266.0,10853181031325302.0,83.0
20091005,22320429166666668.0,6984549937500000.0,48.0
20091006,5839754957142857.0,-833561142857142.88,70.0
20091007,11607006413043478.0,3709050130434782.5,46.0
20091008,7046466897183099.0,2329045466197183.0,71.0
20091009,5594755567647059.0,4324682361764706.0,34.0
20091010,8500664764705882.0,4876344725490196.0,51.0
20091011,-15007788861111112.0,-21793357736111112.0,72.0
20091012,38210216200000000.0,13808508800000000.0,50.0
20091013,10708266663043478.0,10708266663043478.0,92.0
20091014,3174530026190476.0,-6884982116428571.0,42.0
20091015,21456412943181820.0,1119287772727272.8,88.0
20091016,10274255540540540.0,8566360702702703.0,37.0
20091017,4673172524590164.0,-3521168601639344.5,61.0
20091018,6274066700000000.0,5991876581355932.0,59.0
20091019,9668565151515152.0,4277661515151515.0,33.0
20091020,9057578423529412.0,8669929600000000.0,85.0
20091021,26465044540000000.0,15102383340000000.0,50.0
20091022,1683322129508196.8,-819612367213114.75,61.0
20091023,21479543404255320.0,10612181468085106.0,47.0
20091024,8826342622972973.0,3020717837837838.0,74.0
20091025,27908468663888888.0,25059838108333332.0,36.0
20091026,5946473800000000.0,3750259778431372.5,51.0
20091027,8317655205479452.0,4860352465753425.0,73.0
20091028,5820489714000000.0,-2917761040000000.0,50.0
20091029,10971175434782608.0,10971175434782608.0,92.0
20091030,12890468571428572.0,7801364126190476.0,42.0
20091031,10967150804597702.0,5136187402298851.0,87.0
20091101,5911143684210526.0,3082770502631579.0,38.0
20091102,-32032995833333332.0,-37646426200000000.0,60.0
20091103,14118122355932204.0,13480552864406780.0,59.0
20091104,6285503272727273.0,5522469069696970.0,33.0
20091105,6246341588235294.0,5924247000000000.0,85.0
20091106,14580344400000000.0,5732706074000000.0,50.0
20091107,-18100472767123288.0,-22175789410958904.0,73.0
20091108,10056067760869566.0,7453971217391304.0,46.0
20091109,10940045918918918.0,5576015432432432.0,74.0
20091110,8115474606060606.0,6790420363636364.0,33.0
20091111,11078504031372550.0,5061147666666667.0,51.0
20091112,24030982450704224.0,13032534466197184.0,71.0
20091113,4012091050980392.0,88734162745098.047,51.0
20091114,11537907698924732.0,11537907698924732.0,93.0
20091115,17428415214285714.0,9709683761904762.0,42.0
20091116,47802345176470592.0,10042191263529412.0,85.0
20091117,7409042434210526.0,5818855868421053.0,38.0
20091118,9252661411864406.0,-1831353423728813.5,59.0
20091119,14965934203389830.0,13637767254237288.0,59.0
20091120,25852484117647060.0,-12863560588235294.0,34.0
20091121,24181114635294116.0,24181114635294116.0,85.0
20091122,23831796320000000.0,2561041800000000.0,50.0
20091123,16937016800000000.0,12830144838666666.0,75.0
20091124,17560153191489362.0,10913259446808510.0,47.0
20091125,12088082706666666.0,3847740413333333.5,75.0
20091126,-13254038822727272.0,-14784857004545454.0,33.0
20091127,13969528882352942.0,5417545921568627.0,51.0
20091128,14876873688732394.0,3664137084507042.5,71.0
20091129,9374248666666666.0,-1091555450980392.1,51.0
20091130,14028161960869566.0,14028161960869566.0,92.0
20091201,8704918738095238.0,3023055833333333.5,42.0
20091202,14970305783908046.0,8129196747126437.0,87.0
20091203,10794485540540540.0,9159127567567568.0,37.0
20091204,13802345166666666.0,6457589633333333.0,60.0
20091205,9791674983050848.0,8849536000000000.0,59.0
20091206,11691326088235294.0,5393616411764706.0,34.0
20091207,13135345357142858.0,13135345357142858.0,84.0
20091208,20975460365384616.0,9024528923076924.0,52.0
20091209,17549385965116280.0,15215365813953488.0,86.0
20091210,17146669612244898.0,-9878619591836734.0,49.0
20091211,12500467297297298.0,4788742116216216.0,74.0
20091212,9320899687500000.0,8041262187500000.0,32.0
20091213,15627008039215686.0,7933253509803922.0,51.0
20091214,3406898263888889.0,524457673611111.12,72.0
20091215,10080921372549020.0,6398652131372549.0,51.0
20091216,14749053118279570.0,14749053118279570.0,93.0
20091217,24333404047619048.0,14511480476190476.0,42.0
20091218,16503775747126436.0,3018900321839080.5,87.0
20091219,12174767908108108.0,11408573513513514.0,37.0
20091220,8250378900000000.0,4404480683333333.5,60.0
20091221,10858737627118644.0,10408329322033898.0,59.0
20091222,15577440937500000.0,3836517843750000.0,32.0
20091223,18611110270588236.0,18611110270588236.0,85.0
20091224,63180966000000000.0,27091961736000000.0,50.0
20091225,-7683720257954545.0,-7683720257954545.0,88.0
20091226,21074298936170212.0,9378640812765958.0,47.0
20091227,12058834506666666.0,5375179756000000.0,75.0
20091228,-1.19701705e+17,-1.2518013538461539e+17,26.0
20091229,9517541200000000.0,5331571840000000.0,50.0
20091230,6395125517808219.0,1367773780821917.8,73.0
20091231,17844796400000000.0,7308056920000000.0,50.0
